Plot,Section,Tag,Grid,DBH_2019,Date_2019,Species_code,Status_2019,DBH_2020,Date_2020,Status_2020,Date_2021,DBH_2021,Status_2021,Date_2022,DBH_2022,Status_2022,Date_2023,DBH_2023,Status_2023,Date_2024,DBH_2024,Status_2024,In_Plot,Notes,JS_codes
Control,East,1301,I6,10.7,3/9/19,COFL2,LI,10.7,3/10/20,LI,3/9/21,10.6,LI,3/4/22,10.6,LI,3/9/23,10.5,LI,2/27/24,10.6,LI,FALSE,,
Control,East,1302,I8,11.7,3/9/19,ACRU,LI,11.7,3/10/20,LI,3/9/21,11.7,LI,3/4/22,11.7,LI,3/9/23,11.7,LI,2/27/24,11.7,LI,FALSE,,
Control,East,1303,I8,18.7,3/9/19,ACRU,LI,18.9,3/10/20,LI,3/9/21,19.1,LI,3/4/22,19.1,LI,3/9/23,19.3,LI,2/27/24,19.3,LI,FALSE,,
Control,East,1304,H8,51.8,3/9/19,LIST2,LI,52.2,3/10/20,LI,3/9/21,52.1,LI,3/4/22,52.9,LI,3/9/23,52.5,LI,2/27/24,53.3,LI,TRUE,,
Control,East,1305,H8,35.2,3/9/19,LIST2,LI,35,3/10/20,LI,3/9/21,35.5,LI,3/4/22,35.5,LI,3/9/23,34.9,LI,2/27/24,34.9,LI,TRUE,,
Control,East,1306,H7,21.9,3/9/19,LIST2,LI,22.4,3/10/20,LI,3/9/21,21.9,LI,3/4/22,21.9,LI,3/9/23,21.9,LI,2/27/24,22,LI,TRUE,,
Control,East,1307,H7,22.6,3/9/19,,DS,,3/10/20,DS,3/9/21,,DS,3/4/22,,DS,3/9/23,,DS,2/27/24,,DS,TRUE,,
Control,East,1308,H7,5.9,3/9/19,FAGR,LI,6,3/10/20,LI,3/9/21,6.1,LI,3/4/22,6.3,LI,3/9/23,6.3,LI,2/27/24,6.4,LI,TRUE,,
Control,East,1309,I7,11.6,3/9/19,FAGR,LI,12,3/10/20,LI,3/9/21,12.2,LI,3/4/22,12.6,LI,3/9/23,12.9,LI,2/27/24,13.3,LI,TRUE,,
Control,East,1310,I7,29.1,3/9/19,LIST2,LI,28.9,3/10/20,LI,3/9/21,29.2,LI,3/4/22,29.1,LI,3/9/23,29.3,LI,2/27/24,29.2,LI,TRUE,,
Control,East,1311,I7,37.2,3/9/19,LIST2,LI,37.3,3/10/20,LI,3/9/21,37.3,LI,3/4/22,37.2,LI,3/9/23,37.3,LI,2/27/24,37.5,LI,TRUE,,
Control,East,1312,I7,26.3,3/9/19,CAGL8,LI,26.5,3/10/20,LI,3/9/21,26.9,LI,3/4/22,27,LI,3/9/23,27.2,LI,2/27/24,27.5,LI,TRUE,,
Control,East,1313,J6,15,3/9/19,ACRU,LI,15,3/10/20,LI,3/9/21,15.1,LI,3/4/22,15,LI,3/9/23,15,LI,2/27/24,15,LI,TRUE,,
Control,East,1314,I6,9.5,3/9/19,LITU,LI,9.6,3/10/20,LI,3/9/21,9.7,LI,3/4/22,9.8,LI,3/9/23,9.9,LI,2/27/24,10.1,LI,TRUE,,
Control,East,1315,I6,49.2,3/9/19,,DS,,3/10/20,DS,3/9/21,,DC,3/4/22,,DC,3/9/23,,DN,2/27/24,,DN,TRUE,,
Control,East,1316,H6,51.6,3/9/19,LIST2,LI,51.8,3/10/20,LI,3/9/21,52,LI,3/4/22,51.8,LI,3/9/23,51.9,LI,2/27/24,52.1,LI,TRUE,,
Control,East,1317,H6,21,3/9/19,CAGL8,LI,21.2,3/10/20,LI,3/9/21,21.4,LI,3/4/22,21.4,LI,3/9/23,21.5,LI,2/27/24,21.7,LI,TRUE,,
Control,East,1318,H6,5,3/9/19,FAGR,LI,5.6,3/10/20,LI,3/9/21,5.8,LI,3/4/22,6,LI,3/9/23,6,LI,2/27/24,6.2,LI,TRUE,,
Control,East,1319,G6,19.9,3/9/19,ACRU,LI,19.9,3/10/20,LI,3/9/21,19.9,LI,3/4/22,20.4,LI,3/9/23,19.9,LI,2/27/24,20,LI,TRUE,,
Control,East,1320,G7,10,3/9/19,ACRU,LI,10.1,3/10/20,LI,3/9/21,10.1,LI,3/4/22,10.3,LI,3/9/23,10.1,LI,2/27/24,10.2,LI,TRUE,,
Control,East,1321,I5,14.5,3/9/19,CAGL8,LI,14.8,3/10/20,LI,3/9/21,15.1,LI,3/4/22,15.3,LI,3/9/23,15.3,LI,2/27/24,15.7,LI,TRUE,,
Control,East,1322,J5,19.3,3/9/19,ACRU,DS,,3/10/20,DS,3/9/21,,DS,3/4/22,,DS,3/9/23,,DC,2/27/24,,DC,TRUE,,
Control,East,1323,J4,28.7,3/9/19,QUAL,LI,29.2,3/10/20,LI,3/9/21,29.7,LI,3/4/22,29.7,LI,3/9/23,29.9,LI,2/27/24,30.1,LI,TRUE,,SP
Control,East,1324,I4,13.7,3/9/19,,LI,13.8,3/10/20,LI,3/9/21,13.9,LI,3/4/22,14.3,LI,3/9/23,14,LI,2/27/24,14,LI,TRUE,,
Control,East,1325,H4,47.7,3/9/19,LITU,LI,48.2,3/10/20,LI,3/9/21,48.6,LI,3/4/22,48.8,LI,3/9/23,49.3,LI,2/27/24,49.7,LI,TRUE,,
Control,East,1326,G4,14.8,3/9/19,CAGL8,LI,15.1,3/10/20,LI,3/9/21,15.3,LI,3/4/22,15.9,LI,3/9/23,16,LI,2/27/24,16.2,LI,TRUE,,
Control,East,1327,G4,53.1,3/9/19,LIST2,LI,52.6,3/10/20,LI,3/9/21,53.3,LI,3/4/22,53.5,LI,3/9/23,52.9,LI,2/27/24,52.6,LI,TRUE,,"IR, SP"
Control,East,1328,G3,27.8,3/9/19,ACRU,LI,27.8,3/10/20,LI,3/9/21,27.9,LI,3/4/22,27.8,LI,3/9/23,28.1,LI,2/27/24,27.3,LI,TRUE,,
Control,East,1329,H3,6.6,3/9/19,FAGR,LI,6.8,3/10/20,LI,3/9/21,7,LI,3/4/22,7.4,LI,3/9/23,7.7,LI,2/27/24,8,LI,TRUE,,
Control,East,1330,I3,39.8,3/9/19,LITU,LI,39.9,3/10/20,LI,3/9/21,39.7,LI,3/4/22,40,LI,3/9/23,40.2,LI,2/27/24,40.3,LI,TRUE,,"IR, SP"
Control,East,1331,I3,55.1,3/9/19,LIST2,LI,55.3,3/10/20,LI,3/9/21,55.2,LI,3/4/22,55.3,LI,3/9/23,55.5,LI,2/27/24,55.6,LI,TRUE,,
Control,East,1332,I3,12.7,3/9/19,FAGR,LI,12.8,3/10/20,LI,3/9/21,13,LI,3/4/22,13.1,LI,3/9/23,13.2,LI,2/27/24,13.4,LI,TRUE,,
Control,East,1333,I3,8.3,3/9/19,FAGR,LI,8.7,3/10/20,LI,3/9/21,8.8,LI,3/4/22,9.1,LI,3/9/23,9.2,LI,2/27/24,9.4,LI,TRUE,,
Control,East,1334,J3,16.7,3/9/19,,DS,,3/10/20,DS,3/9/21,,DC,3/4/22,,DC,3/9/23,,DN,2/27/24,,DN,TRUE,,
Control,East,1335,I2,11.3,3/9/19,CAGL8,LI,11.3,3/10/20,LI,3/9/21,11.4,LI,3/4/22,11.4,LI,3/9/23,11.5,LI,2/27/24,11.5,LI,TRUE,,
Control,East,1336,H3,18.2,3/9/19,CAGL8,LI,18.9,3/10/20,LI,3/9/21,18.8,LI,3/4/22,19.1,LI,3/9/23,19.3,LI,2/27/24,19.2,LI,TRUE,,
Control,East,915,H3,,,,,,,,,,,,,,,,,2/27/24,1.5,LI,TRUE,,
Control,East,1337,H2,14.3,3/9/19,FAGR,LI,14.6,3/10/20,LI,3/9/21,14.9,LI,3/4/22,15.3,LI,3/9/23,15.7,LI,2/27/24,16.1,LI,TRUE,,
Control,East,1338,H2,4.7,3/9/19,FAGR,LI,4.7,3/10/20,LI,3/9/21,4.8,LI,3/4/22,4.9,LI,3/9/23,4.9,LI,2/27/24,5,LI,TRUE,,
Control,East,1339,G2,36.1,3/9/19,ACRU,LI,36.2,3/10/20,LI,3/9/21,37.4,LI,3/4/22,36.8,LI,3/9/23,36.7,LI,2/27/24,36.8,LI,TRUE,,
Control,East,1340,G1,23.3,3/9/19,CAGL8,LI,23.7,3/10/20,LI,3/9/21,24.3,LI,3/4/22,24.4,LI,3/9/23,24.6,LI,2/27/24,25,LI,TRUE,,
Control,East,1341,H1,25.7,3/9/19,QUAL,LI,25.7,3/10/20,LI,3/9/21,25.7,LI,3/4/22,25.9,LI,3/9/23,25.9,LI,2/27/24,25.9,LI,TRUE,,SP
Control,East,1342,H1,16.6,3/9/19,FAGR,LI,16.9,3/10/20,LI,3/9/21,17.1,LI,3/4/22,17.3,LI,3/9/23,17.5,LI,2/27/24,18,LI,TRUE,,
Control,East,1343,H1,11.2,3/9/19,ACRU,LI,11,3/10/20,LI,3/9/21,,DS,3/4/22,,DS,3/9/23,,DN,2/27/24,,DN,TRUE,,
Control,East,1344,H1,5.4,3/9/19,FAGR,LI,5.6,3/10/20,LI,3/9/21,5.6,LI,3/4/22,5.8,LI,3/9/23,5.9,LI,2/27/24,6.1,LI,TRUE,,
Control,East,1345,H1,18.9,3/9/19,QUAL,LI,18.9,3/10/20,LI,3/9/21,18.8,LI,3/4/22,18.8,LI,3/9/23,16.6,LI,2/27/24,18.7,DS,TRUE,,SP
Control,East,1346,H1,43.3,3/9/19,LIST2,LI,43.3,3/10/20,LI,3/9/21,43.2,LI,3/4/22,43.4,LI,3/9/23,43.1,LI,2/27/24,43.2,LI,TRUE,,SP
Control,East,1347,J1,30,3/9/19,ACRU,LI,30.4,3/10/20,LI,3/9/21,30.4,LI,3/4/22,30.7,LI,3/9/23,31,LI,2/27/24,31.1,LI,TRUE,on 1348,
Control,East,1348,J1,31.6,3/9/19,ACRU,LI,32,3/10/20,LI,3/9/21,32.1,LI,3/4/22,32.3,LI,3/9/23,32.6,LI,2/27/24,33,LI,TRUE,,
Control,East,1349,J1,10.1,3/9/19,FAGR,LI,10.3,3/10/20,LI,3/9/21,10.7,LI,3/4/22,11,LI,3/9/23,11.3,LI,2/27/24,11.8,LI,TRUE,,
Control,East,1350,J1,4.5,3/9/19,FAGR,LI,4.7,3/10/20,LI,3/9/21,4.8,LI,3/4/22,4.9,LI,3/9/23,5.1,LI,2/27/24,5.4,LI,TRUE,,
Control,East,1351,J1,2,3/9/19,FAGR,LI,2.1,3/10/20,LI,3/9/21,2,LI,3/4/22,2.1,LI,3/9/23,2.2,LI,2/27/24,2.2,LI,TRUE,,
Control,East,1352,J1,18.8,3/9/19,QUFA,LI,19.1,3/10/20,LI,3/9/21,18.8,LI,3/4/22,18.9,LI,3/9/23,18.3,DS,2/27/24,18.3,DS,TRUE,,SP
Control,Center,1353,G8,9,3/9/19,FAGR,LI,9.3,3/10/20,LI,3/9/21,9.7,LI,3/4/22,10.1,LI,3/9/23,10.3,LI,2/27/24,10.7,LI,FALSE,,
Control,Center,1354,G8,28.1,3/9/19,QUFA,LI,28.3,3/10/20,LI,3/9/21,28.5,LI,3/4/22,28.5,LI,3/9/23,28.8,LI,2/27/24,28.7,LI,FALSE,,SP
Control,Center,1355,F8,12.6,3/9/19,COFL2,LI,12.6,3/10/20,LI,3/9/21,12.7,LI,3/4/22,12.7,LI,3/9/23,12.6,LI,2/27/24,12.7,LI,TRUE,,SP
Control,Center,1356,D8,6.5,3/9/19,FAGR,LI,6.7,3/10/20,LI,3/9/21,6.8,LI,3/4/22,6.9,LI,3/9/23,7,LI,2/27/24,7.4,LI,TRUE,,
Control,Center,1357,E8,6.3,3/9/19,ILOP,LI,6.4,3/10/20,LI,3/9/21,6.4,LI,3/4/22,6.5,LI,3/9/23,6.5,LI,2/27/24,6.4,LI,TRUE,,
Control,Center,1358,D8,10.2,3/9/19,FAGR,LI,10.4,3/10/20,LI,3/9/21,10.6,LI,3/4/22,11.1,LI,3/9/23,11.4,LI,2/27/24,11.9,LI,TRUE,,
Control,Center,1359,D7,6.5,3/9/19,ILOP,LI,,3/10/20,DC,3/9/21,,DC,3/4/22,,DC,3/9/23,,DC,2/27/24,,DN,TRUE,,
Control,Center,1360,D7,23.5,3/9/19,LIST2,LI,23.7,3/10/20,LI,3/9/21,23.7,LI,3/4/22,23.7,LI,3/9/23,23.8,LI,2/27/24,23.8,LI,TRUE,,
Control,Center,1361,D7,11.5,3/9/19,,DS,,3/10/20,DS,3/9/21,,,3/4/22,,DC,3/9/23,,DN,2/27/24,,DN,TRUE,,
Control,Center,1362,E8,11.5,3/9/19,ACRU,LI,11.7,3/10/20,LI,3/9/21,11.8,LI,3/4/22,11.9,LI,3/9/23,12,LI,2/27/24,12,LI,TRUE,,
Control,Center,1363,E7,5.2,3/9/19,FAGR,LI,5.4,3/10/20,LI,3/9/21,5.5,LI,3/4/22,5.7,LI,3/9/23,5.8,LI,2/27/24,5.9,LI,TRUE,,
Control,Center,1364,E7,33.1,3/9/19,LITU,LI,33.4,3/10/20,LI,3/9/21,,LI,3/4/22,34.1,LI,3/9/23,34.5,LI,2/27/24,35,LI,TRUE,,
Control,Center,1365,G7,22.5,3/9/19,FAGR,LI,22.8,3/10/20,LI,3/9/21,23,LI,3/4/22,23.3,LI,3/9/23,23.5,LI,2/27/24,23.8,LI,TRUE,,
Control,Center,1366,G7,52.3,3/9/19,LIST2,LI,52,3/10/20,LI,3/9/21,52.3,LI,3/4/22,52.5,LI,3/9/23,52.3,LI,2/27/24,52.4,LI,TRUE,,
Control,Center,1367,G7,23.5,3/9/19,LIST2,LI,23.5,3/10/20,LI,3/9/21,23.5,LI,3/4/22,23.5,DS,3/9/23,23.5,DS,2/27/24,23.6,LI,TRUE,,
Control,Center,1368,G7,7.2,3/9/19,FAGR,LI,7.2,3/10/20,LI,3/9/21,7.5,LI,3/4/22,7.5,LI,3/9/23,7.9,LI,2/27/24,7.8,LI,TRUE,,
Control,Center,1369,F7,8.3,3/9/19,FAGR,LI,8.5,3/10/20,LI,3/9/21,8.7,LI,3/4/22,8.9,LI,3/9/23,9,LI,2/27/24,9.3,LI,TRUE,,
Control,Center,1370,E7,11.7,3/9/19,QUAL,LI,11.8,3/10/20,LI,3/9/21,11.8,LI,3/4/22,11.8,LI,3/9/23,11.8,LI,2/27/24,11.8,LI,TRUE,,SP
Control,Center,1371,E7,12.6,3/9/19,,DS,,3/10/20,DS,3/9/21,,DS,3/4/22,,DS,3/9/23,,DS,2/27/24,,DS,TRUE,,
Control,Center,1372,D7,15.1,3/9/19,QUAL,LI,15.1,3/10/20,LI,3/9/21,15.2,LI,3/4/22,15.2,LI,3/9/23,15.2,LI,2/27/24,15.2,LI,TRUE,,"SP, IR"
Control,Center,1373,D7,13.3,3/9/19,FAGR,LI,13.4,3/10/20,LI,3/9/21,13.5,LI,3/4/22,13.6,LI,3/9/23,13.7,LI,2/27/24,13.9,LI,TRUE,,
Control,Center,1374,D7,14.2,3/9/19,FAGR,LI,14.5,3/10/20,LI,3/9/21,14.5,LI,3/4/22,14.7,LI,3/9/23,14.8,LI,2/27/24,15,LI,TRUE,,
Control,Center,1375,D6,11.7,3/9/19,QUAL,LI,11.5,3/10/20,LI,3/9/21,,DS,3/4/22,,DS,3/9/23,,DC,2/27/24,,DN,TRUE,,"SP, IR"
Control,Center,1376,D6,24.1,3/9/19,LIST2,LI,24.1,3/10/20,LI,3/9/21,24.1,LI,3/4/22,24.3,LI,3/9/23,24.1,LI,2/27/24,24,LI,TRUE,,
Control,Center,1377,F6,19.8,3/9/19,QUAL,LI,19.8,3/10/20,LI,3/9/21,19.8,LI,3/4/22,19.7,DS,3/9/23,19.6,DS,2/27/24,,DS,TRUE,Dying (2021),SP
Control,Center,1378,E6,17.6,3/9/19,QUAL,LI,17.6,3/10/20,LI,3/9/21,17.7,LI,3/4/22,17.8,LI,3/9/23,17.8,LI,2/27/24,17.9,LI,TRUE,,SP
Control,Center,1379,E5,23.1,3/9/19,LIST2,LI,23,3/10/20,LI,3/9/21,23,LI,3/4/22,23,LI,3/9/23,23,LI,2/27/24,23,LI,TRUE,,
Control,Center,1380,F6,43.9,3/9/19,FAGR,LI,44.3,3/10/20,LI,3/9/21,44.5,LI,3/4/22,44.4,LI,3/9/23,45,LI,2/27/24,45.5,LI,TRUE,,
Control,Center,1381,G6,9.5,3/9/19,FAGR,LI,9.8,3/10/20,LI,3/9/21,10.1,LI,3/4/22,10.5,LI,3/9/23,10.8,LI,2/27/24,11,LI,TRUE,,
Control,Center,1382,G5,6.5,3/9/19,COFL2,LI,6.5,3/10/20,LI,3/9/21,6.5,LI,3/4/22,6.5,LI,3/9/23,6.5,LI,2/27/24,6.5,LI,TRUE,,
Control,Center,1383,G5,15,3/9/19,ACRU,LI,15.1,3/10/20,LI,3/9/21,15.2,LI,3/4/22,15.3,LI,3/9/23,15.4,LI,2/27/24,15.5,LI,TRUE,,
Control,Center,1384,F5,46.4,3/9/19,LITU,LI,46.7,3/10/20,LI,3/9/21,47.1,LI,3/4/22,47.3,LI,3/9/23,47.8,LI,2/27/24,48.4,LI,TRUE,,
Control,Center,1385,F5,39.2,3/9/19,LITU,LI,39.3,3/10/20,LI,3/9/21,39.5,LI,3/4/22,39.7,LI,3/9/23,39.8,LI,2/27/24,40.1,LI,TRUE,,
Control,Center,1386,E5,10.7,3/9/19,COFL2,LI,10.9,3/10/20,LI,3/9/21,10.5,LI,3/4/22,10.6,LI,3/9/23,10.5,LI,2/27/24,10.5,LI,TRUE,,SP
Control,Center,1387,D4,35.9,3/9/19,ACRU,LI,35.5,3/10/20,LI,3/9/21,36,LI,3/4/22,35.7,LI,3/9/23,35.7,LI,2/27/24,35.5,LI,TRUE,,
Control,Center,1388,D4,8.4,3/9/19,ACRU,LI,8.4,3/10/20,LI,3/9/21,8.5,LI,3/4/22,8.6,LI,3/9/23,8.4,LI,2/27/24,8.5,LI,TRUE,,
Control,Center,1389,D4,7.5,3/9/19,FAGR,LI,7.7,3/10/20,LI,3/9/21,7.9,LI,3/4/22,8,LI,3/9/23,8.2,LI,2/27/24,8.4,LI,TRUE,,
Control,Center,1390,E4,31.1,3/9/19,FAGR,LI,31.1,3/10/20,LI,3/9/21,32,LI,3/4/22,32.3,LI,3/9/23,33.2,LI,2/27/24,33.7,LI,TRUE,,
Control,Center,1391,F3,7.4,3/9/19,FAGR,LI,7.7,3/10/20,LI,3/9/21,8.1,LI,3/4/22,8.5,LI,3/9/23,8.8,LI,2/27/24,9.2,LI,TRUE,,
Control,Center,1392,F3,10.5,3/9/19,ACRU,LI,10.5,3/10/20,LI,3/9/21,10.5,LI,3/4/22,10.6,LI,3/9/23,10.6,LI,2/27/24,10.7,LI,TRUE,,
Control,Center,1393,F3,10.4,3/9/19,CAGL8,LI,10.5,3/10/20,LI,3/9/21,10.5,LI,3/4/22,10.7,LI,3/9/23,10.8,LI,2/27/24,10.9,LI,TRUE,,
Control,Center,1394,F2,28.8,3/9/19,ACRU,LI,28.6,3/10/20,LI,3/9/21,,DS,3/4/22,,DS,3/9/23,28.2,DS,2/27/24,,DC,TRUE,,
Control,Center,1395,F2,34.6,3/9/19,ACRU,LI,34.7,3/10/20,LI,3/9/21,34.7,LI,3/4/22,34.8,LI,3/9/23,34.8,LI,2/27/24,34.8,LI,TRUE,,
Control,Center,1396,E2,12.7,3/9/19,ACRU,LI,12.7,3/10/20,LI,3/9/21,12.9,LI,3/4/22,12.7,LI,3/9/23,12.7,DS,2/27/24,,DS,TRUE,On 1397,
Control,Center,1397,E2,20.7,3/9/19,ACRU,LI,20.6,3/10/20,LI,3/9/21,20.7,LI,3/4/22,20.8,LI,3/9/23,20.7,LI,2/27/24,20.8,LI,TRUE,,
Control,Center,1398,,4.2,3/9/19,,DS,,3/10/20,DS,3/9/21,,DS,3/4/22,,DC,3/9/23,,DN,2/27/24,,DN,TRUE,,
Control,Center,1399,D2,26.7,3/9/19,ACRU,LI,,3/10/20,DS,3/9/21,,DS,3/4/22,,DS,3/9/23,,DS,2/27/24,,DS,TRUE,,
Control,Center,1400,D1,18.3,3/9/19,QUAL,LI,18.7,3/10/20,LI,3/9/21,18.8,LI,3/4/22,19,LI,3/9/23,19.2,LI,2/27/24,19.4,LI,TRUE,,
Control,Center,1401,D1,14.4,3/9/19,COFL2,LI,14.4,3/10/20,LI,3/9/21,14.3,LI,3/4/22,14.1,LI,3/9/23,,DC,2/27/24,,DC,TRUE,,SP
Control,Center,1402,E1,19.9,3/9/19,LIST2,LI,19.6,3/10/20,LI,3/9/21,19.5,LI,3/4/22,19.4,DS,3/9/23,19.4,DS,2/27/24,,DS,TRUE,,
Control,West,1403,C8,8.9,3/9/19,FAGR,LI,9,3/10/20,LI,3/9/21,9.3,LI,3/4/22,9.4,LI,3/9/23,9.5,LI,2/27/24,9.8,LI,FALSE,,
Control,West,1404,C8,5.7,3/9/19,COFL2,LI,5.8,3/10/20,LI,3/9/21,5.8,LI,3/4/22,5.8,LI,3/9/23,5.8,LI,2/27/24,5.8,LI,TRUE,,
Control,West,1405,C8,71.4,3/9/19,QU??,LI,70.8,3/10/20,LI,3/9/21,71,LI,3/4/22,71.1,LI,3/9/23,71.5,LI,2/27/24,72.8,LI,TRUE,,
Control,West,1406,B8,33.7,3/9/19,LIST2,LI,33.8,3/10/20,LI,3/9/21,33.9,LI,3/4/22,34.3,LI,3/9/23,34,LI,2/27/24,34.1,LI,TRUE,,
Control,West,1407,B8,37.2,3/9/19,FAGR,LI,37.5,3/10/20,LI,3/9/21,37.6,LI,3/4/22,37.7,LI,3/9/23,37.8,LI,2/27/24,37.9,LI,TRUE,,
Control,West,1408,A8,44.4,3/9/19,LITU,LI,44.8,3/10/20,LI,3/9/21,45.2,LI,3/4/22,45.3,LI,3/9/23,,LI,2/27/24,,LI,FALSE,,
Control,West,1409,A8,10,3/9/19,QUAL,LI,10,3/10/20,LI,3/9/21,10,LI,3/4/22,10,LI,3/9/23,,LI,2/27/24,,LI,FALSE,,SP
Control,West,1410,A7,17.8,3/9/19,CAGL8,LI,17.9,3/10/20,LI,3/9/21,18,LI,3/4/22,18.1,LI,3/9/23,,LI,2/27/24,,LI,FALSE,,
Control,West,1411,B7,58.3,3/9/19,LITU,LI,58.7,3/10/20,LI,3/9/21,59.4,LI,3/4/22,59.7,LI,3/9/23,60.5,LI,2/27/24,60.8,LI,TRUE,,
Control,West,1412,B7,24.5,3/9/19,FAGR,LI,24.9,3/10/20,LI,3/9/21,25.1,LI,3/4/22,25.2,LI,3/9/23,25.5,LI,2/27/24,25.8,LI,TRUE,,
Control,West,1413,B7,15.6,3/9/19,LIST2,LI,15.5,3/10/20,LI,3/9/21,15.5,LI,3/4/22,15.5,DS,3/9/23,,DS,2/27/24,,DS,TRUE,,SP
Control,West,1414,B6,13.3,3/9/19,FAGR,LI,13.4,3/10/20,LI,3/9/21,13.5,LI,3/4/22,13.7,LI,3/9/23,13.8,LI,2/27/24,13.9,LI,TRUE,,
Control,West,1415,B7,16.8,3/9/19,LITU,LI,16.8,3/10/20,LI,3/9/21,16.9,LI,3/4/22,17,LI,3/9/23,17.1,LI,2/27/24,17.2,LI,TRUE,,
Control,West,1416,A6,11.9,3/9/19,NYSY,LI,11.9,3/10/20,LI,3/9/21,11.9,LI,3/4/22,11.9,LI,3/9/23,11.9,LI,2/27/24,11.9,LI,TRUE,,
Control,West,1417,A6,32.3,3/9/19,QUAL,LI,32.4,3/10/20,LI,3/9/21,32.5,LI,3/4/22,32.6,LI,3/9/23,,LI,2/27/24,,LI,FALSE,,
Control,West,1418,A6,15.7,3/9/19,FAGR,LI,16.2,3/10/20,LI,3/9/21,16.4,LI,3/4/22,16.6,LI,3/9/23,,LI,2/27/24,,LI,FALSE,,
Control,West,1419,A6,56.5,3/9/19,LITU,LI,56.6,3/10/20,LI,3/9/21,57.3,LI,3/4/22,57.6,LI,3/9/23,,LI,2/27/24,,LI,FALSE,,
Control,West,1420,A5,8.6,3/9/19,ACRU,LI,8.5,3/10/20,LI,3/9/21,8.6,LI,3/4/22,8.6,LI,3/9/23,8.6,LI,2/27/24,8.6,LI,TRUE,,
Control,West,1421,A5,34.9,3/9/19,QUVE,LI,35.4,3/10/20,LI,3/9/21,35.9,LI,3/4/22,36.3,LI,3/9/23,37,LI,2/27/24,37.7,LI,TRUE,,SP
Control,West,1422,B5,21.1,3/9/19,LIST,LI,21.1,3/10/20,LI,3/9/21,21.1,LI,3/4/22,21.2,LI,3/9/23,21.4,LI,2/27/24,21.4,LI,TRUE,,
Control,West,1423,B5,12.5,3/9/19,CAGL8,LI,12.6,3/10/20,LI,3/9/21,12.6,LI,3/4/22,12.7,LI,3/9/23,12.8,LI,2/27/24,13,LI,TRUE,,
Control,West,1424,C5,12.6,3/9/19,QUAL,LI,12.7,3/10/20,LI,3/9/21,12.7,LI,3/4/22,12.7,LI,3/9/23,12.7,LI,2/27/24,12.7,LI,TRUE,,
Control,West,1425,C5,45.6,3/9/19,LITU,LI,46.2,3/10/20,LI,3/9/21,47.1,LI,3/4/22,47.4,LI,3/9/23,48.3,LI,2/27/24,49,LI,TRUE,,
Control,West,1426,C5,17.8,3/9/19,QUAL,LI,17.8,3/10/20,LI,3/9/21,18.1,LI,3/4/22,18,LI,3/9/23,18,LI,2/27/24,8,LI,TRUE,,
Control,West,1427,B4,26,3/9/19,QUAL,LI,26.2,3/10/20,LI,3/9/21,26.7,LI,3/4/22,26.8,LI,3/9/23,27.2,LI,2/27/24,27.7,LI,TRUE,,
Control,West,1428,B5,22.8,3/9/19,CAGL8,LI,23,3/10/20,LI,3/9/21,23.1,LI,3/4/22,23.2,LI,3/9/23,23.4,LI,2/27/24,23.6,LI,TRUE,,
Control,West,1429,A5,23.9,3/9/19,CAGL8,LI,24.1,3/10/20,LI,3/9/21,24.3,LI,3/4/22,24.5,LI,3/9/23,24.8,LI,2/27/24,25.2,LI,TRUE,,
Control,West,1430,A5,6.6,3/9/19,COFL2,LI,6.7,3/10/20,LI,3/9/21,6.8,LI,3/4/22,6.9,LI,3/9/23,6.8,LI,2/27/24,6.9,LI,TRUE,,
Control,West,1431,A5,11.6,3/9/19,ACRU,LI,11.4,3/10/20,LI,3/9/21,11.5,LI,3/4/22,11.5,DS,3/9/23,,DS,2/27/24,,DS,TRUE,,SP
Control,West,1432,A4,28.2,3/9/19,FAGR,LI,28.2,3/10/20,LI,3/9/21,28.5,LI,3/4/22,29.1,LI,3/9/23,29.2,LI,2/27/24,29.6,LI,TRUE,,
Control,West,1433,B4,9.8,3/9/19,ACRU,LI,9.7,3/10/20,LI,3/9/21,9.7,LI,3/4/22,9.7,LI,3/9/23,9.7,LI,2/27/24,9.7,LI,TRUE,,
Control,West,1434,B4,3.2,3/9/19,COFL2,LI,,3/10/20,DS,3/9/21,,DC,3/4/22,,DC,3/9/23,,DC,2/27/24,,DC,TRUE,,
Control,West,1435,B4,29.8,3/9/19,CAGL8,LI,30,3/10/20,LI,3/9/21,30.2,LI,3/4/22,30.6,LI,3/9/23,30.7,LI,2/27/24,31.1,LI,TRUE,,
Control,West,1436,C4,25.8,3/9/19,ACRU,LI,25.8,3/10/20,LI,3/9/21,25.7,LI,3/4/22,25.6,LI,3/9/23,25.6,DS,2/27/24,,DS,TRUE,Dying (2022)?,
Control,West,1437,C3,36.5,3/9/19,ACRU,LI,36.8,3/10/20,LI,3/9/21,37.7,DS,3/4/22,,DS,3/9/23,,DS,2/27/24,,DS,TRUE,,
Control,West,1438,C3,9.9,3/9/19,FAGR,LI,10.2,3/10/20,LI,3/9/21,10.4,LI,3/4/22,10.8,LI,3/9/23,11.2,LI,2/27/24,11.8,LI,TRUE,,
Control,West,1439,B3,31.8,3/9/19,ACRU,LI,31.8,3/10/20,LI,3/9/21,32,LI,3/4/22,32.1,LI,3/9/23,32.2,LI,2/27/24,32.4,LI,TRUE,,
Control,West,1440,A4,15.9,3/9/19,QUAL,LI,15.9,3/10/20,LI,3/9/21,15.9,LI,3/4/22,16,LI,3/9/23,15.9,LI,2/27/24,16,LI,TRUE,,
Control,West,1441,A4,36,3/9/19,QUFA,LI,36.5,3/10/20,LI,3/9/21,36.7,LI,3/4/22,36.9,LI,3/9/23,37.2,LI,2/27/24,37.8,LI,FALSE,,SP
Control,West,1442,A2,7.6,3/9/19,COFL2,LI,7.6,3/10/20,LI,3/9/21,7.6,LI,3/4/22,7.8,LI,3/9/23,7.7,LI,2/27/24,7.8,LI,TRUE,,
Control,West,1443,A3,39.8,3/9/19,,DS,,3/10/20,DS,3/9/21,,DS,3/4/22,,DS,3/9/23,,DS,2/27/24,,DS,TRUE,No tag (2024),
Control,West,1444,B2,17,3/9/19,LIST2,LI,17,3/10/20,LI,3/9/21,17,LI,3/4/22,16.8,DS,3/9/23,16.8,DS,2/27/24,,DS,TRUE,,
Control,West,1445,C2,13.4,3/9/19,FAGR,LI,13.7,3/10/20,LI,3/9/21,14,LI,3/4/22,14.7,LI,3/9/23,14.9,LI,2/27/24,15.3,LI,TRUE,,
Control,West,1446,C2,17.2,3/9/19,ACRU,LI,,3/10/20,DS,3/9/21,,DC,3/4/22,,DC,3/9/23,,DC,2/27/24,,DN,TRUE,,
Control,West,1447,C1,62.8,3/9/19,LITU,LI,62.1,3/10/20,LI,3/9/21,62.4,LI,3/4/22,62.6,LI,3/9/23,63.2,LI,2/27/24,63.2,LI,TRUE,,
Control,West,1448,B1,9,3/9/19,ACRU,LI,8.7,3/10/20,LI,3/9/21,8.8,DS,3/4/22,,DC,3/9/23,,DN,2/27/24,,DN,TRUE,,
Control,West,1449,A2,16.6,3/9/19,LIST,LI,16.8,3/10/20,LI,3/9/21,16.7,LI,3/4/22,16.7,LI,3/9/23,16.9,LI,2/27/24,16.8,LI,TRUE,May be LIST,
Control,West,1450,A1,44,3/9/19,LITU,LI,44.5,3/10/20,LI,3/9/21,45,LI,3/4/22,45.3,LI,3/9/23,46.2,LI,2/27/24,47.9,LI,TRUE,,
Control,West,1451,A1,,,ACRU,,,3/10/20,,3/9/21,19.1,LI,3/4/22,19.2,LI,3/9/23,19.1,LI,2/27/24,19.1,LI,TRUE,SF C20,
Control,Center,1452,F1,,,FAGR,,,3/10/20,,3/9/21,45.4,LI,3/4/22,45.7,LI,3/9/23,45.9,LI,2/27/24,46.3,LI,TRUE,,
Control,West,1456,A1,,,ACRU,,,3/10/20,,3/9/21,24,LI,3/4/22,24.1,LI,3/9/23,24.2,LI,2/27/24,24.3,LI,FALSE,CF C9,
Control,Center,1457,F1,,,LIST2,,,3/10/20,,3/9/21,48.3,LI,3/4/22,48,LI,3/9/23,48.8,LI,2/27/24,48.5,LI,TRUE,Tag added 4/16/21,
Control,Center,1458,D1,,,FAGR,,,3/10/20,,3/9/21,8.2,LI,3/4/22,8.4,LI,3/9/23,8.7,LI,2/27/24,8.9,LI,TRUE,Tag added 4/16/21,
Control,Center,1459,D1,,,,,,3/10/20,,3/9/21,28.7,LI,3/4/22,28.7,LI,3/9/23,28.8,LI,2/27/24,29,LI,TRUE,Tag added 4/16/21,
Control,West,1460,C1,,,,,,,,,,,,,,3/9/23,23.4,LI,2/27/24,23.9,LI,TRUE,,
Freshwater,West,1501,A8,7.5,2/24/19,FAGR,LI,7.7,3/10/20,LI,3/9/21,7.8,LI,3/4/22,8.1,LI,3/9/23,8.2,LI,2/27/24,8.4,LI,TRUE,,
Freshwater,West,1502,A8,61.5,2/24/19,LITU,LI,61.2,3/10/20,LI,3/9/21,60.8,LI,3/4/22,60.7,LI,3/9/23,61,LI,2/27/24,61.1,LI,TRUE,,SP
Freshwater,West,1503,B8,3.5,2/24/19,NYSY,LI,3.5,3/10/20,LI,3/9/21,,DC,3/4/22,,DC,3/9/23,,DN,2/27/24,,DN,TRUE,,
Freshwater,West,1504,C8,12.8,2/24/19,FAGR,LI,13.1,3/10/20,LI,3/9/21,13.4,LI,3/4/22,13.7,LI,3/9/23,14,LI,2/27/24,14.4,LI,TRUE,,
Freshwater,West,1505,C8,45.6,2/24/19,LITU,LI,45.7,3/10/20,LI,3/9/21,45.9,LI,3/4/22,46.1,LI,3/9/23,46.4,LI,2/27/24,46.5,LI,TRUE,,
Freshwater,West,1506,C8,4.2,2/24/19,FAGR,LI,4.4,3/10/20,LI,3/9/21,4.4,LI,3/4/22,4.6,LI,3/9/23,4.6,LI,2/27/24,4.6,LI,TRUE,,
Freshwater,West,1507,C7,21.9,2/24/19,ACRU,LI,22,3/10/20,LI,3/9/21,21.9,LI,3/4/22,22,LI,3/9/23,21.9,LI,2/27/24,21.9,LI,TRUE,,
Freshwater,West,1508,B7,50.1,2/24/19,LITU,LI,49.8,3/10/20,LI,3/9/21,50.6,LI,3/4/22,50.9,LI,3/9/23,51,LI,2/27/24,51.2,LI,TRUE,,
Freshwater,West,1509,A7,4.5,2/24/19,FAGR,LI,4.7,3/10/20,LI,3/9/21,4.9,LI,3/4/22,5.1,LI,3/9/23,5.2,LI,2/27/24,5.4,LI,TRUE,,
Freshwater,West,1510,A7,19.3,2/24/19,ACRU,LI,19.3,3/10/20,LI,3/9/21,19.4,LI,3/4/22,19.5,LI,3/9/23,19.4,LI,2/27/24,19.4,LI,TRUE,,
Freshwater,West,1511,A7,45,2/24/19,LIST2,LI,45.2,3/10/20,LI,3/9/21,45.1,LI,3/4/22,45.3,LI,3/9/23,45.5,LI,2/27/24,45.4,LI,TRUE,,SP
Freshwater,West,1512,A7,7.1,2/24/19,FAGR,LI,7.2,3/10/20,LI,3/9/21,,,3/4/22,7.5,LI,3/9/23,7.7,LI,2/27/24,7.7,LI,FALSE,,
Freshwater,West,1513,A7,3.5,2/24/19,FAGR,LI,3.6,3/10/20,LI,3/9/21,3.5,LI,3/4/22,3.6,LI,3/9/23,3.6,LI,2/27/24,3.6,LI,TRUE,,
Freshwater,West,1514,A6,6.4,2/24/19,FAGR,LI,6.4,3/10/20,LI,3/9/21,6.6,LI,3/4/22,6.6,LI,3/9/23,6.7,LI,2/27/24,6.9,LI,TRUE,,
Freshwater,West,1515,A6,4.6,2/24/19,FAGR,LI,4.7,3/10/20,LI,3/9/21,,,3/4/22,4.8,LI,3/9/23,4.8,LI,2/27/24,4.9,LI,FALSE,,
Freshwater,West,1516,A6,31.9,2/24/19,FAGR,LI,31.7,3/10/20,LI,3/9/21,32.1,LI,3/4/22,32.4,LI,3/9/23,32.5,LI,2/27/24,32.8,LI,TRUE,,
Freshwater,West,1517,C6,9.4,2/24/19,FAGR,LI,9.5,3/10/20,LI,3/9/21,9.6,LI,3/4/22,9.7,LI,3/9/23,9.7,LI,2/27/24,9.8,LI,TRUE,,
Freshwater,West,1518,C6,9.4,2/24/19,FAGR,LI,9.4,3/10/20,LI,3/9/21,9.4,LI,3/4/22,9.5,LI,3/9/23,9.5,LI,2/27/24,9.5,LI,TRUE,,
Freshwater,West,1519,C6,37.5,2/24/19,FAGR,LI,37.9,3/10/20,LI,3/9/21,38.2,LI,3/4/22,38.5,LI,3/9/23,39,LI,2/27/24,39.4,LI,TRUE,,
Freshwater,West,1520,B5,25.4,2/24/19,ACRU,LI,25.4,3/10/20,LI,3/9/21,25.4,LI,3/4/22,25.4,LI,3/9/23,25.3,LI,2/27/24,25.3,LI,TRUE,,
Freshwater,West,1521,B4,25.9,2/24/19,ACRU,LI,25.9,3/10/20,LI,3/9/21,25.9,LI,3/4/22,26,LI,3/9/23,25.9,LI,2/27/24,26.1,LI,TRUE,,
Freshwater,West,1522,A5,17.7,2/24/19,FAGR,LI,17.9,3/10/20,LI,3/9/21,18.2,LI,3/4/22,18.4,LI,3/9/23,18.7,LI,2/27/24,19.1,LI,TRUE,,
Freshwater,West,911,A5,,,,,,,,,,,,,,,,,2/27/24,4,LI,TRUE,,
Freshwater,West,1523,A4,67.5,2/24/19,LITU,LI,66.8,3/10/20,LI,3/9/21,67.6,LI,3/4/22,67.6,LI,3/9/23,68.2,LI,2/27/24,68.2,LI,TRUE,,
Freshwater,West,1524,A4,11.5,2/24/19,FAGR,LI,11.2,3/10/20,LI,3/9/21,11.2,LI,3/4/22,11.7,LI,3/9/23,11.3,LI,2/27/24,11.4,LI,TRUE,,
Freshwater,West,1525,A3,49.9,2/24/19,LITU,LI,50.4,3/10/20,LI,3/9/21,50.7,LI,3/4/22,51,LI,3/9/23,51.2,LI,2/27/24,51.9,LI,TRUE,,
Freshwater,West,1526,A3,23.8,2/24/19,ACRU,LI,23.7,3/10/20,LI,3/9/21,,,3/4/22,24,LI,3/9/23,,LI,2/27/24,24.4,LI,FALSE,,
Freshwater,West,1527,A2,42.3,2/24/19,LITU,LI,42.3,3/10/20,LI,3/9/21,42.4,LI,3/4/22,42.8,LI,3/9/23,42.4,LI,2/27/24,42.4,LI,TRUE,,
Freshwater,West,1528,B3,19.5,2/24/19,FAGR,LI,19.7,3/10/20,LI,3/9/21,20,LI,3/4/22,20.4,LI,3/9/23,20.6,LI,2/27/24,21.1,LI,TRUE,,
Freshwater,West,1529,B3,7.1,2/24/19,FAGR,LI,7.1,3/10/20,LI,3/9/21,7.1,LI,3/4/22,7.2,LI,3/9/23,7.3,LI,2/27/24,7.4,LI,TRUE,,
Freshwater,West,1530,B3,54.9,2/24/19,LITU,LI,55,3/10/20,LI,3/9/21,55.4,LI,3/4/22,55.6,LI,3/9/23,56,LI,2/27/24,56.4,LI,TRUE,,
Freshwater,West,1531,B4,5.2,2/24/19,FAGR,LI,5.2,3/10/20,LI,3/9/21,5.3,LI,3/4/22,5.4,LI,3/9/23,5.4,LI,2/27/24,5.5,LI,TRUE,,
Freshwater,West,1532,C4,36,2/24/19,LITU,LI,36,3/10/20,LI,3/9/21,36.1,LI,3/4/22,36.2,LI,3/9/23,36.5,LI,2/27/24,36.8,LI,TRUE,,
Freshwater,West,1533,C4,10.3,2/24/19,FAGR,LI,10.5,3/10/20,LI,3/9/21,10.5,LI,3/4/22,10.6,LI,3/9/23,10.6,LI,2/27/24,10.7,LI,TRUE,,
Freshwater,West,1534,C3,39.8,2/24/19,ACRU,LI,39.7,3/10/20,LI,3/9/21,39.9,LI,3/4/22,40,LI,3/9/23,40.4,LI,2/27/24,40.5,LI,TRUE,,
Freshwater,West,1535,C2,28.6,2/24/19,ACRU,LI,28.4,3/10/20,LI,3/9/21,28.5,LI,3/4/22,28.5,LI,3/9/23,28.5,LI,2/27/24,,DS,TRUE,,
Freshwater,West,1536,B2,5.3,2/24/19,LIST2,LI,5.3,3/10/20,LI,3/9/21,5.3,LI,3/4/22,5.3,LI,3/9/23,5.3,LI,2/27/24,5.3,LI,TRUE,,
Freshwater,West,1537,B1,18.1,2/24/19,FAGR,LI,18.2,3/10/20,LI,3/9/21,18.3,LI,3/4/22,18.5,LI,3/9/23,18.7,LI,2/27/24,18.9,LI,TRUE,,
Freshwater,West,1538,C1,19.8,2/24/19,PRAV,LI,19.9,3/10/20,LI,3/9/21,20,LI,3/4/22,20,LI,3/9/23,20,LI,2/27/24,20,LI,TRUE,,
Freshwater,West,1539,A1,35.2,2/24/19,FAGR,LI,35.7,3/10/20,LI,3/9/21,,,3/4/22,36.9,LI,3/9/23,,LI,2/27/24,,LI,FALSE,,
Freshwater,West,1540,,19.3,2/24/19,NYSY,LI,19.3,3/10/20,LI,3/9/21,,,3/4/22,19.7,LI,3/9/23,,LI,2/27/24,,LI,FALSE,,
Freshwater,West,1541,,9,2/24/19,FAGR,LI,9.2,3/10/20,LI,3/9/21,,,3/4/22,9.6,LI,3/9/23,,LI,2/27/24,,LI,FALSE,,
Freshwater,Center,1542,E8,49.7,2/24/19,LITU,LI,50.1,3/10/20,LI,3/9/21,50.5,LI,3/4/22,50.7,LI,3/9/23,51,LI,2/27/24,51.6,LI,TRUE,,
Freshwater,Center,1543,D7,35.3,2/24/19,FAGR,LI,35.3,3/10/20,LI,3/9/21,35.5,LI,3/4/22,35.6,LI,3/9/23,35.4,LI,2/27/24,36,LI,TRUE,,
Freshwater,Center,1544,F7,39.8,2/24/19,LITU,LI,39.7,3/10/20,LI,3/9/21,40.3,LI,3/4/22,40.8,LI,3/9/23,41.5,LI,2/27/24,42.1,LI,TRUE,,
Freshwater,Center,1545,F8,15.2,2/24/19,ACRU,LI,15.3,3/10/20,LI,3/9/21,15,LI,3/4/22,15,DS,3/9/23,,DS,2/27/24,,DC,TRUE,fallen tree cut and moved out of plot (2024),
Freshwater,Center,1546,F8,21.7,2/24/19,ACRU,LI,21.4,3/10/20,LI,3/9/21,21.4,LI,3/4/22,21.5,LI,3/9/23,21.4,LI,2/27/24,21.5,LI,TRUE,,
Freshwater,Center,1547,G8,33.3,2/24/19,LIST2,LI,32.9,3/10/20,LI,3/9/21,33.3,LI,3/4/22,33.3,LI,3/9/23,33.3,LI,2/27/24,33.7,LI,TRUE,,"SP, WP"
Freshwater,Center,1548,F6,28.1,2/24/19,ACRU,LI,28.2,3/10/20,LI,3/9/21,28.5,LI,3/4/22,28.8,LI,3/9/23,28.8,LI,2/27/24,29.1,LI,TRUE,,
Freshwater,Center,1549,F5,7.8,2/24/19,CACA18,LI,8.1,3/10/20,LI,3/9/21,8.2,LI,3/4/22,8.5,LI,3/9/23,8.9,LI,2/27/24,8.5,LI,TRUE,,
Freshwater,Center,1550,E6,21.6,2/24/19,FAGR,LI,22.1,3/10/20,LI,3/9/21,22.2,LI,3/4/22,22.3,LI,3/9/23,22.2,LI,2/27/24,22.6,LI,TRUE,,
Freshwater,Center,1551,D6,52.2,2/24/19,LITU,LI,52.3,3/10/20,LI,3/9/21,52.7,LI,3/4/22,53,LI,3/9/23,53.4,LI,2/27/24,53.7,LI,TRUE,,
Freshwater,Center,1552,D5,66,2/24/19,LITU,LI,66.2,3/10/20,LI,3/9/21,66.7,LI,3/4/22,66.7,LI,3/9/23,67.6,LI,2/27/24,67.6,LI,TRUE,,
Freshwater,Center,1553,E5,16.1,2/24/19,LITU,LI,16.2,3/10/20,LI,3/9/21,16.2,LI,3/4/22,16.3,LI,3/9/23,16.2,LI,2/27/24,16.3,LI,TRUE,,
Freshwater,Center,1554,E4,3.2,2/24/19,NYSY,LI,3.3,3/10/20,LI,3/9/21,3.2,LI,3/4/22,3.3,LI,3/9/23,3.2,LI,2/27/24,3.1,LI,TRUE,,
Freshwater,Center,1555,E4,5.4,2/24/19,NYSY,LI,5.5,3/10/20,LI,3/9/21,5.5,LI,3/4/22,5.6,LI,3/9/23,5.7,LI,2/27/24,5.7,LI,TRUE,,
Freshwater,Center,1556,E3,9.2,2/24/19,NYSY,LI,9.4,3/10/20,LI,3/9/21,9.3,LI,3/4/22,9.5,LI,3/9/23,9.5,LI,2/27/24,9.5,LI,TRUE,,
Freshwater,Center,1557,,7.5,2/24/19,LITU,LI,,3/10/20,LI,3/9/21,,DN,3/4/22,,DN,3/9/23,,DN,2/27/24,,DN,,2020/2021: couldn't find,
Freshwater,Center,1558,D3,13.2,2/24/19,FAGR,LI,13.8,3/10/20,LI,3/9/21,13.8,LI,3/4/22,14.3,LI,3/9/23,14.6,LI,2/27/24,14.7,LI,TRUE,,
Freshwater,Center,1559,D2,38.4,2/24/19,ACRU,LI,38.3,3/10/20,LI,3/9/21,38.7,LI,3/4/22,38.4,LI,3/9/23,38.2,LI,2/27/24,38.3,LI,TRUE,,
Freshwater,Center,1560,D3,9.8,2/24/19,LIST2,LI,9.9,3/10/20,LI,3/9/21,9.9,LI,3/4/22,9.7,DS,3/9/23,9.8,DS,2/27/24,,DS,TRUE,,
Freshwater,Center,1561,D2,55.8,2/24/19,LITU,LI,55.9,3/10/20,LI,3/9/21,56.4,LI,3/4/22,56.6,LI,3/9/23,57.2,LI,2/27/24,57.5,LI,TRUE,,
Freshwater,Center,1562,D2,20.5,2/24/19,,DS,,3/10/20,DS,3/9/21,,DS,3/4/22,,DS,3/9/23,,DS,2/27/24,,DS,TRUE,,
Freshwater,Center,1563,F2,28,2/24/19,ACRU,LI,27.9,3/10/20,LI,3/9/21,28.2,LI,3/4/22,28.4,LI,3/9/23,28.8,LI,2/27/24,29,LI,TRUE,,
Freshwater,Center,1564,E1,7.8,2/24/19,FAGR,LI,8,3/10/20,LI,3/9/21,8.3,LI,3/4/22,8.5,LI,3/9/23,8.6,LI,2/27/24,8.9,LI,TRUE,,
Freshwater,Center,1565,E1,15,2/24/19,NYSY,LI,15.2,3/10/20,LI,3/9/21,15.1,LI,3/4/22,15.2,LI,3/9/23,15.3,LI,2/27/24,15.3,LI,TRUE,,
Freshwater,Center,1566,E1,55.7,2/24/19,LITU,LI,55.5,3/10/20,LI,3/9/21,56,LI,3/4/22,56.6,LI,3/9/23,56.7,LI,2/27/24,57.1,LI,TRUE,,
Freshwater,Center,1567,E2,22.9,2/24/19,FAGR,LI,23.2,3/10/20,LI,3/9/21,23.8,LI,3/4/22,24.3,LI,3/9/23,24.6,LI,2/27/24,24.9,LI,TRUE,,
Freshwater,Center,1568,C1,59.2,2/24/19,LITU,LI,59.6,3/10/20,LI,3/9/21,59.7,LI,3/4/22,59.9,LI,3/9/23,60.5,LI,2/27/24,60.9,LI,TRUE,,
Freshwater,East,1569,H8,40.4,2/24/19,FAGR,LI,39.6,3/10/20,LI,3/9/21,39.9,LI,3/4/22,40.2,LI,3/9/23,40.3,LI,2/27/24,40.6,LI,TRUE,,
Freshwater,East,1570,I8,24.8,2/24/19,FAGR,LI,25,3/10/20,LI,3/9/21,25.1,LI,3/4/22,25.4,LI,3/9/23,25.5,LI,2/27/24,25.8,LI,TRUE,,
Freshwater,East,1571,J8,8.3,2/24/19,FAGR,LI,8.5,3/10/20,LI,3/9/21,8.8,LI,3/4/22,9.1,LI,3/9/23,9.3,LI,2/27/24,9.5,LI,TRUE,,
Freshwater,East,1572,J8,8.2,2/24/19,NYSY,LI,8.2,3/10/20,LI,3/9/21,,,3/4/22,8.3,LI,3/9/23,,LI,2/27/24,,LI,FALSE,,
Freshwater,East,1573,I7,33.8,2/24/19,ACRU,LI,34.2,3/10/20,LI,3/9/21,34.1,LI,3/4/22,34,LI,3/9/23,33.9,LI,2/27/24,33.7,LI,TRUE,,SP
Freshwater,East,1574,I7,34.8,2/24/19,QUFA,LI,34.8,3/10/20,LI,3/9/21,34.9,LI,3/4/22,35.1,LI,3/9/23,35.4,LI,2/27/24,35.3,LI,TRUE,QUVE?,SP
Freshwater,East,1575,G7,12.1,2/24/19,FAGR,LI,12.2,3/10/20,LI,3/9/21,12.4,LI,3/4/22,12.6,LI,3/9/23,12.6,LI,2/27/24,12.7,LI,TRUE,,
Freshwater,East,1576,G6,69.1,2/24/19,LITU,LI,69.3,3/10/20,LI,3/9/21,68.8,LI,3/4/22,69,LI,3/9/23,70.3,LI,2/27/24,69.9,LI,TRUE,,
Freshwater,East,1577,H6,5.5,2/24/19,FAGR,LI,5.7,3/10/20,LI,3/9/21,5.8,LI,3/4/22,6,LI,3/9/23,6.1,LI,2/27/24,6.2,LI,TRUE,,
Freshwater,East,1578,H5,66.7,2/24/19,LITU,LI,66.8,3/10/20,LI,3/9/21,67.2,LI,3/4/22,67.7,LI,3/9/23,68.5,LI,2/27/24,68.8,LI,TRUE,,
Freshwater,East,1579,H5,26.6,2/24/19,LITU,LI,26.6,3/10/20,LI,3/9/21,26.7,LI,3/4/22,26.7,LI,3/9/23,26.8,LI,2/27/24,26.8,LI,TRUE,,
Freshwater,East,1580,I6,29.9,2/24/19,FAGR,LI,30.2,3/10/20,LI,3/9/21,30.5,LI,3/4/22,30.9,LI,3/9/23,31.2,LI,2/27/24,31.4,LI,TRUE,,
Freshwater,East,1581,I6,5.9,2/24/19,FAGR,LI,5.9,3/10/20,LI,3/9/21,6,LI,3/4/22,6.2,LI,3/9/23,6.1,LI,2/27/24,6.1,LI,TRUE,,
Freshwater,East,1582,J5,27.4,2/24/19,,DS,,3/10/20,DS,3/9/21,,DS,3/4/22,,DS,3/9/23,,DC,2/27/24,,DC,TRUE,,
Freshwater,East,1583,I6,17.5,2/24/19,QUAL,LI,17.5,3/10/20,LI,3/9/21,17.7,LI,3/4/22,17.8,LI,3/9/23,17.8,LI,2/27/24,17.9,LI,TRUE,,"SP, IR"
Freshwater,East,1584,J6,1.9,2/24/19,FAGR,LI,1.9,3/10/20,LI,3/9/21,1.9,LI,3/4/22,2,LI,3/9/23,2,LI,2/27/24,2,LI,TRUE,,
Freshwater,East,1585,J6,12.8,2/24/19,FAGR,LI,13.1,3/10/20,LI,3/9/21,13.4,LI,3/4/22,13.7,LI,3/9/23,14,LI,2/27/24,14.3,LI,TRUE,,
Freshwater,East,1586,J5,40.6,2/24/19,LITU,LI,40.8,3/10/20,LI,3/9/21,41.2,LI,3/4/22,41.3,LI,3/9/23,41.8,LI,2/27/24,42,LI,TRUE,,
Freshwater,East,1587,J5,14.4,2/24/19,NYSY,LI,14.4,3/10/20,LI,3/9/21,14.4,LI,3/4/22,14.3,LI,3/9/23,14.1,DS,2/27/24,,DS,TRUE,,
Freshwater,East,1588,I4,6.5,2/24/19,CACA18,LI,6.5,3/10/20,LI,3/9/21,6.7,LI,3/4/22,7.1,LI,3/9/23,6.8,LI,2/27/24,6.7,LI,TRUE,,
Freshwater,East,1589,H4,5.3,2/24/19,FAGR,LI,5.5,3/10/20,LI,3/9/21,5.6,LI,3/4/22,5.7,LI,3/9/23,5.8,LI,2/27/24,6,LI,TRUE,,
Freshwater,East,1590,G4,6.7,2/24/19,NYSY,LI,6.3,3/10/20,LI,3/9/21,6.4,LI,3/4/22,6.5,LI,3/9/23,6.6,LI,2/27/24,6.6,LI,TRUE,,"SP, WDBH"
Freshwater,East,1591,G3,79,2/24/19,LITU,LI,79.4,3/10/20,LI,3/9/21,79.8,LI,3/4/22,80.1,LI,3/9/23,81,LI,2/27/24,81.5,LI,TRUE,,
Freshwater,East,1592,G3,43.4,2/24/19,ACRU,LI,42.7,3/10/20,LI,3/9/21,43.2,LI,3/4/22,43.2,LI,3/9/23,43.3,LI,2/27/24,43.4,LI,TRUE,,
Freshwater,East,1593,G3,5.1,2/24/19,,LI,5.1,3/10/20,LI,3/9/21,5.2,LI,3/4/22,5.3,LI,3/9/23,5.3,LI,2/27/24,3.4,LI,TRUE,,
Freshwater,East,1594,H3,5.7,2/24/19,FAGR,LI,5.9,3/10/20,LI,3/9/21,6.1,LI,3/4/22,6.3,LI,3/9/23,6.5,LI,2/27/24,6.8,LI,TRUE,,
Freshwater,East,1595,H3,16.2,2/24/19,CAGL8,LI,16.2,3/10/20,LI,3/9/21,16.2,LI,3/4/22,16.2,LI,3/9/23,16.3,LI,2/27/24,16.2,LI,TRUE,,SP
Freshwater,East,1596,H4,26.8,2/24/19,FAGR,LI,26.9,3/10/20,LI,3/9/21,27.2,LI,3/4/22,27.5,LI,3/9/23,27.7,LI,2/27/24,27.9,LI,TRUE,,
Freshwater,East,1597,I3,37.8,2/24/19,LIST2,LI,37.6,3/10/20,LI,3/9/21,37.8,LI,3/4/22,37.9,LI,3/9/23,38.1,LI,2/27/24,38.4,LI,TRUE,,SP
Freshwater,East,1598,I3,17.8,2/24/19,FAGR,LI,18.1,3/10/20,LI,3/9/21,18.8,LI,3/4/22,19.1,LI,3/9/23,19.1,LI,2/27/24,19.5,LI,TRUE,,
Freshwater,East,1599,J2,61.6,2/24/19,LITU,LI,62,3/10/20,LI,3/9/21,62.7,LI,3/4/22,62.7,LI,3/9/23,63.3,LI,2/27/24,63.7,LI,TRUE,,
Freshwater,East,1600,J2,8.6,2/24/19,FAGR,LI,8.9,3/10/20,LI,3/9/21,9.2,LI,3/4/22,9.4,LI,3/9/23,9.8,LI,2/27/24,10.1,LI,TRUE,,
Freshwater,East,1601,J2,5.5,2/24/19,FAGR,LI,5.7,3/10/20,LI,3/9/21,6,LI,3/4/22,6.3,LI,3/9/23,6.6,LI,2/27/24,7,LI,TRUE,,
Freshwater,East,1602,I2,15.1,2/24/19,PRSE2,DS,,3/10/20,DS,3/9/21,,DS,3/4/22,,DS,3/9/23,,DS,2/27/24,,DC,TRUE,"fungus, WP, lower branches dead, not installed",
Freshwater,East,1603,H2,26,2/24/19,,DS,,3/10/20,DS,3/9/21,,DS,3/4/22,,DS,3/9/23,,DS,2/27/24,,DS,TRUE,,
Freshwater,East,1604,H2,22.3,2/24/19,PRSE2,DS,,3/10/20,DS,3/9/21,,DS,3/4/22,,DS,3/9/23,,DS,2/27/24,,DS,TRUE,"fungus, not installed",
Freshwater,East,1605,H1,3.5,2/24/19,FAGR,LI,3.8,3/10/20,LI,3/9/21,4.2,LI,3/4/22,4.6,LI,3/9/23,4.9,LI,2/27/24,5.2,LI,TRUE,,
Freshwater,East,1606,G2,7.7,2/24/19,NYSY,LI,7.9,3/10/20,LI,3/9/21,8,LI,3/4/22,8.2,LI,3/9/23,8.2,LI,2/27/24,8.3,LI,TRUE,,
Freshwater,East,1607,F1,30.1,2/24/19,,DS,,3/10/20,DS,3/9/21,,DS,3/4/22,,DS,3/9/23,,DS,2/27/24,,DS,TRUE,,
Freshwater,East,1608,F1,3.6,2/24/19,NYSY,LI,3.7,3/10/20,LI,3/9/21,3.9,LI,3/4/22,3.9,LI,3/9/23,4,LI,2/27/24,4,LI,TRUE,,
Freshwater,East,1609,H1,12.6,2/24/19,ACRU,LI,12.7,3/10/20,LI,3/9/21,12.7,LI,3/4/22,13,LI,3/9/23,13,LI,2/27/24,13.2,LI,TRUE,,
Freshwater,East,1610,H1,47.8,2/24/19,LITU,LI,48.2,3/10/20,LI,3/9/21,48.4,LI,3/4/22,48.7,LI,3/9/23,49,LI,2/27/24,49.2,LI,TRUE,,
Freshwater,East,1611,H1,5.9,2/24/19,NYSY,LI,6,3/10/20,LI,3/9/21,6,LI,3/4/22,6.3,LI,3/9/23,6.4,LI,2/27/24,6.5,LI,TRUE,,
Freshwater,East,1612,H1,36.7,2/24/19,LITU,LI,36.9,3/10/20,LI,3/9/21,,,3/4/22,37.3,LI,3/9/23,,,2/27/24,,LI,FALSE,,
Freshwater,East,1613,J1,38.3,2/24/19,LITU,LI,38.6,3/10/20,LI,3/9/21,,,3/4/22,39.1,LI,3/9/23,,,2/27/24,,LI,FALSE,,"SP, IR"
Freshwater,East,1614,,55.1,2/24/19,LITU,LI,54.8,3/10/20,LI,3/9/21,,,3/4/22,,,3/9/23,,,2/27/24,,LI,FALSE,,
Freshwater,East,1615,,38.3,2/24/19,LITU,LI,38.4,3/10/20,LI,3/9/21,,,3/4/22,,,3/9/23,,,2/27/24,,LI,FALSE,,
Freshwater,East,1616,,25,2/24/19,LITU,LI,25,3/10/20,LI,3/9/21,,,3/4/22,,,3/9/23,,,2/27/24,,LI,FALSE,,
Freshwater,East,1617,,5.5,2/24/19,LIST2,LI,5.4,3/10/20,LI,3/9/21,,,3/4/22,,,3/9/23,,,2/27/24,,LI,FALSE,,
Freshwater,East,1618,,17.9,2/24/19,FAGR,LI,17.8,3/10/20,LI,3/9/21,,,3/4/22,,,3/9/23,,,2/27/24,,LI,FALSE,,
Freshwater,East,1619,,69.9,2/24/19,LITU,LI,69.6,3/10/20,LI,3/9/21,,,3/4/22,,,3/9/23,,,2/27/24,,LI,FALSE,,
Freshwater,East,1620,,10.1,2/24/19,CACA18,LI,10.4,3/10/20,LI,3/9/21,,,3/4/22,,,3/9/23,,,2/27/24,,LI,FALSE,,
Freshwater,East,1621,,42.5,2/24/19,LITU,LI,42.4,3/10/20,LI,3/9/21,,,3/4/22,,,3/9/23,,,2/27/24,,LI,FALSE,,"IR, SP, X"
Freshwater,East,1622,,7.9,2/24/19,FAGR,LI,8.1,3/10/20,LI,3/9/21,,,3/4/22,,,3/9/23,,,2/27/24,,LI,FALSE,,
Freshwater,East,1623,,44.1,2/24/19,PI??,DS,,3/10/20,DS,3/9/21,,,3/4/22,,,3/9/23,,,2/27/24,,LI,FALSE,,
Freshwater,East,1624,,11.9,2/24/19,FAGR,LI,12.2,3/10/20,LI,3/9/21,,,3/4/22,,,3/9/23,,,2/27/24,,LI,FALSE,,
Freshwater,East,1625,,20.7,2/24/19,ACRU,LI,21.2,3/10/20,LI,3/9/21,,,3/4/22,,,3/9/23,,,2/27/24,,LI,FALSE,,
Freshwater,East,1626,,9.5,2/24/19,FAGR,LI,9.7,3/10/20,LI,3/9/21,,,3/4/22,,,3/9/23,,,2/27/24,,LI,FALSE,,
Freshwater,East,1627,,7.9,2/24/19,FAGR,LI,8.1,3/10/20,LI,3/9/21,,,3/4/22,,,3/9/23,,,2/27/24,,LI,FALSE,,
Freshwater,East,1628,,2.3,2/24/19,FAGR,LI,2.3,3/10/20,LI,3/9/21,,,3/4/22,,,3/9/23,,,2/27/24,,LI,FALSE,,
Freshwater,East,1629,,68.7,2/24/19,ACRU,LI,69.2,3/10/20,LI,3/9/21,,,3/4/22,,,3/9/23,,,2/27/24,,LI,FALSE,,
Freshwater,East,1630,,28.5,2/24/19,FAGR,LI,29,3/10/20,LI,3/9/21,,,3/4/22,,,3/9/23,,,2/27/24,,LI,FALSE,,
Freshwater,East,1631,,8.6,2/24/19,ACRU,LI,8.7,3/10/20,LI,3/9/21,,,3/4/22,,,3/9/23,,,2/27/24,,LI,FALSE,,
Freshwater,East,1632,,51,2/24/19,LITU,LI,51.5,3/10/20,LI,3/9/21,,,3/4/22,,,3/9/23,,,2/27/24,,LI,FALSE,,
Freshwater,East,1633,,38.7,2/24/19,,DS,,3/10/20,DS,3/9/21,,,3/4/22,,,3/9/23,,,2/27/24,,LI,FALSE,,
Freshwater,East,1634,,12.9,2/24/19,,DS,,3/10/20,DS,3/9/21,,,3/4/22,,,3/9/23,,,2/27/24,,LI,FALSE,,
Freshwater,East,1635,J1,45.9,2/24/19,LITU,LI,46.7,3/10/20,LI,3/9/21,,,3/4/22,48,LI,3/9/23,,,2/27/24,,LI,FALSE,,
Freshwater,East,1636,G3,4.1,2/24/19,NYSY,LI,4.1,3/10/20,LI,3/9/21,,,3/11/22,4.2,LI,3/9/23,4.3,LI,2/27/24,4.2,LI,TRUE,Next to 1591,
Freshwater,West,1453,A3,,2/24/19,LIST2,,,3/10/20,,3/9/21,1.8,LI,3/11/22,1.9,LI,3/10/23,1.9,LI,2/27/24,2,LI,TRUE,By 1525,
Freshwater,Center,1454,D2,,2/24/19,LIST2,,,3/10/20,,3/9/21,7,LI,3/11/22,7,LI,3/9/23,7,LI,2/27/24,7.5,LI,TRUE,By 1559,
Freshwater,,1455,D7,,2/24/19,FAGR,,,3/10/20,,3/9/21,4.7,LI,3/11/22,4.8,LI,3/9/23,4.8,LI,2/27/24,5.3,LI,TRUE,By 1543,
Saltwater,East,1701,I8,48.8,2/24/19,LITU,LI,49.1,3/10/20,LI,3/9/21,,,3/4/22,,,3/9/23,,,2/27/24,,LI,FALSE,,
Saltwater,East,1702,I8,23.5,2/24/19,FAGR,LI,23.7,3/10/20,LI,3/9/21,,,3/4/22,,,3/9/23,,,2/27/24,,LI,FALSE,,
Saltwater,East,1703,I8,32.7,2/24/19,LITU,LI,32.4,3/10/20,LI,3/9/21,,,3/4/22,,,3/9/23,,,2/27/24,,LI,FALSE,,
Saltwater,East,1704,I8,33.6,2/24/19,LIST2,LI,33.3,3/10/20,LI,3/9/21,,,3/4/22,,,3/9/23,,,2/27/24,,LI,FALSE,,SP
Saltwater,East,1705,I8,32.3,2/24/19,LIST2,LI,32.2,3/10/20,LI,3/9/21,,,3/4/22,,,3/9/23,,,2/27/24,,LI,FALSE,,SP
Saltwater,East,1706,I8,24.2,2/24/19,LITU,LI,24.3,3/10/20,LI,3/9/21,24.3,LI,3/4/22,24.4,LI,3/9/23,24.5,LI,2/27/24,24.5,LI,TRUE,,
Saltwater,East,1707,I8,13.1,2/24/19,FAGR,LI,13.5,3/10/20,LI,3/9/21,13.7,LI,3/4/22,13.9,LI,3/9/23,14.4,LI,2/27/24,14.6,LI,TRUE,,
Saltwater,East,1708,H8,45.4,2/24/19,LIST2,LI,44.8,3/10/20,LI,3/9/21,,,3/4/22,,,3/9/23,,,2/27/24,,LI,FALSE,,SP
Saltwater,East,1709,H8,27.5,2/24/19,LITU,LI,27.4,3/10/20,LI,3/9/21,,,3/4/22,,,3/9/23,,,2/27/24,,LI,FALSE,,
Saltwater,East,1710,H8,4.9,2/24/19,FAGR,LI,4.9,3/10/20,LI,3/9/21,,,3/4/22,,,3/9/23,,,2/27/24,,LI,FALSE,,
Saltwater,East,1711,H8,30.6,2/24/19,LITU,LI,30.6,3/10/20,LI,3/9/21,,,3/4/22,,,3/9/23,,,2/27/24,,LI,FALSE,,
Saltwater,East,1712,H8,47.8,2/24/19,LITU,LI,47.7,3/10/20,LI,3/9/21,,,3/4/22,,,3/9/23,,,2/27/24,,LI,FALSE,,
Saltwater,East,1713,H8,20.9,2/24/19,FAGR,LI,21.1,3/10/20,LI,3/9/21,,,3/4/22,,,3/9/23,,,2/27/24,,LI,FALSE,,
Saltwater,East,1714,H8,4.2,2/24/19,FAGR,LI,4.3,3/10/20,LI,3/9/21,,,3/4/22,,,3/9/23,,,2/27/24,,LI,FALSE,,
Saltwater,East,1715,H8,15.6,2/24/19,,DS,,3/10/20,DS,3/9/21,,DS,3/4/22,,DS,3/9/23,,DN,2/27/24,,DN,TRUE,,
Saltwater,East,1716,H8,20,2/24/19,ACRU,LI,20.2,3/10/20,LI,3/9/21,20.5,LI,3/4/22,20.6,LI,3/9/23,20.6,LI,2/27/24,20.5,LI,TRUE,,
Saltwater,East,1717,G8,9.4,2/24/19,CACA18,LI,9.4,3/10/20,LI,3/9/21,9.5,LI,3/4/22,9.5,LI,3/9/23,9.5,LI,2/27/24,9.5,LI,TRUE,,
Saltwater,East,1718,G8,64,2/24/19,LITU,LI,63.9,3/10/20,LI,3/9/21,64.3,LI,3/4/22,64.7,LI,3/9/23,65.3,LI,2/27/24,65.4,LI,TRUE,,
Saltwater,East,1719,G8,6.8,2/24/19,FAGR,LI,6.6,3/10/20,LI,3/9/21,6.6,LI,3/4/22,6.7,LI,3/9/23,6.6,LI,2/27/24,6.5,LI,TRUE,,
Saltwater,East,1720,F8,32.7,2/24/19,LITU,LI,33,3/10/20,LI,3/9/21,33.2,LI,3/4/22,33.5,LI,3/9/23,33.3,LI,2/27/24,33.7,LI,TRUE,,
Saltwater,East,1721,F8,23,2/24/19,FAGR,LI,23.4,3/10/20,LI,3/9/21,23.7,LI,3/4/22,24.1,LI,3/9/23,24.4,LI,2/27/24,24.7,LI,TRUE,,
Saltwater,East,1722,F8,18.2,2/24/19,,DS,,3/10/20,DS,3/9/21,,,3/4/22,,,3/9/23,,,2/27/24,,LI,FALSE,,
Saltwater,East,1723,F8,6.4,2/24/19,FAGR,LI,6.6,3/10/20,LI,3/9/21,,,3/4/22,,,3/9/23,,,2/27/24,,LI,FALSE,,
Saltwater,East,1724,F8,1.8,2/24/19,FAGR,LI,1.8,3/10/20,LI,3/9/21,,,3/4/22,,,3/9/23,,,2/27/24,,LI,FALSE,,
Saltwater,East,1725,F8,6,2/24/19,FAGR,LI,6.1,3/10/20,LI,3/9/21,,,3/4/22,,,3/9/23,,,2/27/24,,LI,FALSE,,
Saltwater,East,1726,F8,11.4,2/24/19,ACRU,LI,11.3,3/10/20,LI,3/9/21,,,3/4/22,,,3/9/23,,,2/27/24,,LI,FALSE,,
Saltwater,East,1727,F8,58.6,2/24/19,LITU,LI,59.1,3/10/20,LI,3/9/21,,,3/4/22,,,3/9/23,,,2/27/24,,LI,FALSE,,
Saltwater,East,1728,F8,20.7,2/24/19,ACRU,LI,20.5,3/10/20,LI,3/9/21,,,3/4/22,,,3/9/23,,,2/27/24,,LI,FALSE,,
Saltwater,East,1729,F8,6.3,2/24/19,FAGR,LI,6.4,3/10/20,LI,3/9/21,6.5,LI,3/4/22,6.8,LI,3/9/23,6.7,LI,2/27/24,6.8,LI,TRUE,,
Saltwater,East,1730,E7,10.6,2/24/19,FAGR,LI,10.7,3/10/20,LI,3/9/21,10.9,LI,3/4/22,11,LI,3/9/23,11,LI,2/27/24,11,LI,TRUE,,
Saltwater,East,1731,E7,7.7,2/24/19,NYSY,LI,7.6,3/10/20,LI,3/9/21,7.8,LI,3/4/22,,DC,3/9/23,,DC,2/27/24,,DN,TRUE,,
Saltwater,East,1732,E7,6.8,2/24/19,FAGR,LI,6.8,3/10/20,LI,3/9/21,6.9,LI,3/4/22,7.1,LI,3/9/23,7,LI,2/27/24,7.1,LI,TRUE,,
Saltwater,East,1733,D7,24.9,2/24/19,ACRU,LI,25,3/10/20,LI,3/9/21,24.7,LI,3/4/22,25.2,LI,3/9/23,25.3,LI,2/27/24,24.9,LI,TRUE,,
Saltwater,East,1734,C6,3.5,2/24/19,FAGR,LI,3.6,3/10/20,LI,3/9/21,3.6,LI,3/4/22,3.6,LI,3/9/23,3.6,LI,2/27/24,3.6,LI,TRUE,,
Saltwater,East,1735,C7,7.6,2/24/19,NYSY,LI,7.6,3/10/20,LI,3/9/21,7.7,LI,3/4/22,7.7,LI,3/9/23,7.7,LI,2/27/24,7.6,LI,TRUE,,
Saltwater,East,1736,C7,6.9,2/24/19,FAGR,LI,7,3/10/20,LI,3/9/21,7.1,LI,3/4/22,7.3,LI,3/9/23,7.4,LI,2/27/24,7.6,LI,TRUE,,
Saltwater,East,1737,C7,39,2/24/19,ACRU,LI,38.9,3/10/20,LI,3/9/21,39,LI,3/4/22,39.2,LI,3/9/23,39,LI,2/27/24,39.6,LI,TRUE,,
Saltwater,East,1738,D8,25.6,2/24/19,LITU,LI,25.7,3/10/20,LI,3/9/21,25.7,LI,3/4/22,25.9,LI,3/9/23,25.8,LI,2/27/24,26.1,LI,TRUE,,
Saltwater,East,1739,D8,7,2/24/19,NYSY,LI,7,3/10/20,LI,3/9/21,,,3/4/22,,,3/9/23,,,2/27/24,,,FALSE,,
Saltwater,East,1740,C8,21.2,2/24/19,ACRU,LI,21.2,3/10/20,LI,3/9/21,21.2,LI,3/4/22,21.2,LI,3/9/23,21.2,LI,2/27/24,21.2,LI,TRUE,,
Saltwater,East,1741,C8,7.9,2/24/19,FAGR,LI,7.9,3/10/20,LI,3/9/21,8.1,LI,3/4/22,8.2,LI,3/9/23,8.4,LI,2/27/24,8.6,LI,TRUE,,
Saltwater,East,1742,C8,3.6,2/24/19,FAGR,LI,3.7,3/10/20,LI,3/9/21,3.7,LI,3/4/22,3.6,LI,3/9/23,3.6,LI,2/27/24,3.7,LI,TRUE,,
Saltwater,East,1743,B7,11.9,2/24/19,FAGR,LI,12,3/10/20,LI,3/9/21,12,LI,3/4/22,12,LI,3/9/23,12.1,LI,2/27/24,12,LI,TRUE,,
Saltwater,East,1744,B7,11.3,2/24/19,FAGR,LI,11.3,3/10/20,LI,3/9/21,11.5,LI,3/4/22,11.6,LI,3/9/23,11.7,LI,2/27/24,11.8,LI,TRUE,,
Saltwater,East,1745,B8,50.3,2/24/19,ACRU,LI,50.5,3/10/20,LI,3/9/21,50.7,LI,3/4/22,50.7,LI,3/9/23,50.8,LI,2/27/24,51,LI,TRUE,,
Saltwater,East,1746,B8,10.4,2/24/19,FAGR,LI,10.5,3/10/20,LI,3/9/21,10.8,LI,3/4/22,11,LI,3/9/23,11.1,LI,2/27/24,11.5,LI,TRUE,,
Saltwater,East,1747,B8,22.4,2/24/19,ACRU,LI,22.3,3/10/20,LI,3/9/21,,,3/4/22,,,3/9/23,,,2/27/24,,,FALSE,,
Saltwater,East,1748,B8,4.7,2/24/19,FAGR,LI,4.8,3/10/20,LI,3/9/21,4.9,LI,3/4/22,5,LI,3/9/23,4.9,LI,2/27/24,5,LI,TRUE,,
Saltwater,East,1749,A8,21,2/24/19,ACRU,LI,21.1,3/10/20,LI,3/9/21,21.3,LI,3/4/22,21.5,LI,3/9/23,21.7,LI,2/27/24,21.7,LI,TRUE,,
Saltwater,East,1750,A8,45.7,2/24/19,LITU,LI,45.9,3/10/20,LI,3/9/21,46.2,LI,3/4/22,46.9,LI,3/9/23,47,LI,2/27/24,47.6,LI,TRUE,,
Saltwater,East,1751,A7,2.8,2/24/19,FAGR,LI,3,3/10/20,LI,3/9/21,3.2,LI,3/4/22,3.3,LI,3/9/23,3.5,LI,2/27/24,3.6,LI,TRUE,,
Saltwater,East,1752,B8,28.9,2/24/19,,DS,,3/10/20,DS,3/9/21,,DS,3/4/22,,DS,3/9/23,,DS,2/27/24,,DS,TRUE,,
Saltwater,East,1753,B7,18.2,2/24/19,FAGR,LI,18.4,3/10/20,LI,3/9/21,18.6,LI,3/4/22,18.9,LI,3/9/23,19.1,LI,2/27/24,19.4,LI,TRUE,,
Saltwater,East,1754,B6,31.7,2/24/19,LITU,LI,32,3/10/20,LI,3/9/21,32,LI,3/4/22,32.4,LI,3/9/23,32.8,LI,2/27/24,33.9,LI,TRUE,,
Saltwater,East,1755,B6,17.5,2/24/19,FAGR,LI,18,3/10/20,LI,3/9/21,18,LI,3/4/22,18.6,LI,3/9/23,18.9,LI,2/27/24,19.4,LI,TRUE,,
Saltwater,East,1756,A6,19.2,2/24/19,ACRU,LI,19,3/10/20,LI,3/9/21,19.2,LI,3/4/22,19.4,LI,3/9/23,19.3,LI,2/27/24,19.6,LI,TRUE,,
Saltwater,East,1757,A7,25.2,2/24/19,,DS,,3/10/20,DS,3/9/21,,,3/4/22,,,3/9/23,,,2/27/24,,LI,FALSE,,
Saltwater,East,1758,A6,30.1,2/24/19,FAGR,LI,30.7,3/10/20,LI,3/9/21,,,3/4/22,,,3/9/23,,,2/27/24,,LI,FALSE,,
Saltwater,Center,1759,I7,35.6,2/24/19,LITU,LI,35.5,3/10/20,LI,3/9/21,35.6,LI,3/4/22,35.9,LI,3/9/23,35.8,LI,2/27/24,36,LI,TRUE,,SP
Saltwater,Center,1760,J7,43.7,2/24/19,LITU,LI,44.3,3/10/20,LI,3/9/21,44.8,LI,3/4/22,45.4,LI,3/9/23,45.8,LI,2/27/24,46,LI,TRUE,,
Saltwater,Center,1761,J7,8.8,2/24/19,FAGR,LI,8.8,3/10/20,LI,3/9/21,9,LI,3/4/22,9.3,LI,3/9/23,9.5,LI,2/27/24,9.9,LI,TRUE,,
Saltwater,Center,1762,I6,39.3,2/24/19,LIST2,LI,39.1,3/10/20,LI,3/9/21,39,LI,3/4/22,39.1,LI,3/9/23,39.2,LI,2/27/24,39.1,LI,TRUE,,SP
Saltwater,Center,1763,I6,4.1,2/24/19,FAGR,LI,4.1,3/10/20,LI,3/9/21,4.2,LI,3/4/22,4.2,LI,3/9/23,4.3,LI,2/27/24,4.4,LI,TRUE,,
Saltwater,Center,1764,I7,8.9,2/24/19,FAGR,LI,9.2,3/10/20,LI,3/9/21,9.6,LI,3/4/22,9.9,LI,3/9/23,9.9,LI,2/27/24,10,LI,TRUE,,
Saltwater,Center,1765,I7,3.7,2/24/19,CAGL8,LI,3.8,3/10/20,LI,3/9/21,3.8,LI,3/4/22,3.8,LI,3/9/23,3.9,LI,2/27/24,3.9,LI,TRUE,,
Saltwater,Center,1766,I7,5.3,2/24/19,FAGR,LI,5.5,3/10/20,LI,3/9/21,5.6,LI,3/4/22,5.6,LI,3/9/23,5.7,LI,2/27/24,5.9,LI,TRUE,,
Saltwater,Center,1767,G6,7.3,2/24/19,ACRU,LI,7.3,3/10/20,LI,3/9/21,7.4,DS,3/4/22,,DC,3/9/23,,DC,2/27/24,,DC,TRUE,,
Saltwater,Center,1768,H6,42.1,2/24/19,LITU,LI,42.3,3/10/20,LI,3/9/21,42.4,LI,3/4/22,42.4,LI,3/9/23,42.8,LI,2/27/24,43,LI,TRUE,,
Saltwater,Center,1769,G7,8.2,2/24/19,FAGR,LI,8.3,3/10/20,LI,3/9/21,8.4,LI,3/4/22,8.6,LI,3/9/23,8.5,LI,2/27/24,8.8,LI,TRUE,,
Saltwater,Center,1770,G7,6.4,2/24/19,FAGR,LI,6.5,3/10/20,LI,3/9/21,6.6,LI,3/4/22,6.8,LI,3/9/23,6.9,LI,2/27/24,7.1,LI,TRUE,,
Saltwater,Center,1771,F7,47.3,2/24/19,LITU,LI,47.4,3/10/20,LI,3/9/21,47.7,LI,3/4/22,48,LI,3/9/23,48.5,LI,2/27/24,48.6,LI,TRUE,,
Saltwater,Center,1772,F6,20.3,2/24/19,ACRU,LI,20.7,3/10/20,LI,3/9/21,21,LI,3/4/22,21.1,LI,3/9/23,21.2,LI,2/27/24,21.5,LI,TRUE,,
Saltwater,Center,1773,G6,49.3,2/24/19,LITU,LI,49.8,3/10/20,LI,3/9/21,49.7,LI,3/4/22,50.1,LI,3/9/23,50.3,LI,2/27/24,50.8,LI,TRUE,,
Saltwater,Center,1774,G5,34.4,2/24/19,LITU,LI,34.4,3/10/20,LI,3/9/21,34.6,LI,3/4/22,34.8,LI,3/9/23,34.8,LI,2/27/24,35,LI,TRUE,,
Saltwater,Center,1775,G6,18.2,2/24/19,ACRU,LI,18,3/10/20,LI,3/9/21,18.4,LI,3/4/22,18.6,LI,3/9/23,18.6,LI,2/27/24,18.7,LI,TRUE,,
Saltwater,Center,1776,F4,24.5,2/24/19,ACRU,LI,24.2,3/10/20,LI,3/9/21,24.7,LI,3/4/22,24.9,LI,3/9/23,24.6,LI,2/27/24,24.7,LI,TRUE,,
Saltwater,Center,1777,F5,38.2,2/24/19,LITU,LI,38.2,3/10/20,LI,3/9/21,38.3,LI,3/4/22,38.6,LI,3/9/23,38.8,LI,2/27/24,38.9,LI,TRUE,,
Saltwater,Center,1778,F5,44,2/24/19,LITU,LI,44,3/10/20,LI,3/9/21,44.2,LI,3/4/22,44.4,LI,3/9/23,44.6,LI,2/27/24,44.9,LI,TRUE,,
Saltwater,Center,1779,F5,12.1,2/24/19,FAGR,LI,12.1,3/10/20,LI,3/9/21,12.2,LI,3/4/22,12.3,LI,3/9/23,12.3,LI,2/27/24,12.5,LI,TRUE,,
Saltwater,Center,1780,E5,19.3,2/24/19,FAGR,LI,19.6,3/10/20,LI,3/9/21,19.9,LI,3/4/22,20.1,LI,3/9/23,20.4,LI,2/27/24,20.7,LI,TRUE,,
Saltwater,Center,1781,E6,50.4,2/24/19,LITU,LI,50.4,3/10/20,LI,3/9/21,50.8,LI,3/4/22,51.1,LI,3/9/23,51.5,LI,2/27/24,51.9,LI,TRUE,,
Saltwater,Center,1782,E6,5.6,2/24/19,FAGR,LI,5.7,3/10/20,LI,3/9/21,5.8,LI,3/4/22,5.8,LI,3/9/23,6,LI,2/27/24,6,LI,TRUE,,
Saltwater,Center,1783,E5,36.7,2/24/19,LITU,LI,36.6,3/10/20,LI,3/9/21,36.9,LI,3/4/22,37.1,LI,3/9/23,37.3,LI,2/27/24,37.4,LI,TRUE,,
Saltwater,Center,1784,D5,2.7,2/24/19,FAGR,LI,2.7,3/10/20,LI,3/9/21,2.7,LI,3/4/22,2.7,LI,3/9/23,2.7,LI,2/27/24,2.8,LI,TRUE,,
Saltwater,Center,1785,D6,6.5,2/24/19,FAGR,LI,6.5,3/10/20,LI,3/9/21,6.7,LI,3/4/22,6.7,LI,3/9/23,6.7,LI,2/27/24,6.8,LI,TRUE,,
Saltwater,Center,1786,D6,10.4,2/24/19,FAGR,LI,10.7,3/10/20,LI,3/9/21,10.9,LI,3/4/22,11.1,LI,3/9/23,11.2,LI,2/27/24,11.3,LI,TRUE,,
Saltwater,Center,1787,C6,12.2,2/24/19,FAGR,LI,12.5,3/10/20,LI,3/9/21,12.8,LI,3/4/22,13,LI,3/9/23,13,LI,2/27/24,13.2,LI,TRUE,,
Saltwater,Center,1788,C6,28.9,2/24/19,ACRU,LI,28.8,3/10/20,LI,3/9/21,29.3,LI,3/4/22,29.2,LI,3/9/23,29.2,LI,2/27/24,29.2,LI,TRUE,,
Saltwater,Center,1789,C5,6.4,2/24/19,FAGR,LI,6.5,3/10/20,LI,3/9/21,6.6,LI,3/4/22,6.8,LI,3/9/23,6.8,LI,2/27/24,7,LI,TRUE,,
Saltwater,Center,1790,C5,61,2/24/19,LITU,LI,61.5,3/10/20,LI,3/9/21,61.7,LI,3/4/22,62,LI,3/9/23,62.7,LI,2/27/24,62.8,LI,TRUE,,
Saltwater,Center,1791,C5,4.7,2/24/19,FAGR,LI,4.8,3/10/20,LI,3/9/21,4.8,LI,3/4/22,4.8,LI,3/9/23,4.9,LI,2/27/24,5.1,LI,TRUE,,
Saltwater,Center,1792,D4,11.7,2/24/19,FAGR,LI,11.8,3/10/20,LI,3/9/21,12,LI,3/4/22,12.1,LI,3/9/23,12.2,LI,2/27/24,12.3,LI,TRUE,,
Saltwater,Center,1793,C4,11.3,2/24/19,,DS,,3/10/20,DS,3/9/21,,DS,3/4/22,,DS,3/9/23,,DC,2/27/24,,DC,TRUE,,
Saltwater,Center,1794,C4,8.8,2/24/19,FAGR,LI,8.9,3/10/20,LI,3/9/21,9,LI,3/4/22,9.1,LI,3/9/23,9,LI,2/27/24,9.1,LI,TRUE,,
Saltwater,Center,1795,C4,5.6,2/24/19,CAGL8,LI,5.7,3/10/20,LI,3/9/21,5.7,LI,3/4/22,5.8,LI,3/9/23,5.8,LI,2/27/24,6,LI,TRUE,,
Saltwater,Center,1796,C5,8.2,2/24/19,ACRU,LI,8.2,3/10/20,LI,3/9/21,8.2,LI,3/4/22,8.2,LI,3/9/23,8.2,LI,2/27/24,8.2,LI,TRUE,,
Saltwater,Center,1797,C5,12,2/24/19,COFL2,LI,12,3/10/20,LI,3/9/21,12.1,LI,3/4/22,12.1,LI,3/9/23,12.1,LI,2/27/24,12,LI,TRUE,,
Saltwater,Center,1798,B5,67.9,2/24/19,LITU,LI,68,3/10/20,LI,3/9/21,68.4,LI,3/4/22,68.5,LI,3/9/23,68.7,LI,2/27/24,68.8,LI,TRUE,,
Saltwater,Center,1799,B5,22.1,2/24/19,LITU,LI,22.2,3/10/20,LI,3/9/21,22.1,LI,3/4/22,22.3,LI,3/9/23,22.3,LI,2/27/24,22.3,LI,TRUE,,SP
Saltwater,Center,1800,A5,28.7,2/24/19,LITU,LI,29.4,3/10/20,LI,3/9/21,29.6,LI,3/4/22,29.8,LI,3/9/23,29.9,LI,2/27/24,30,LI,TRUE,,SP
Saltwater,Center,1801,A5,7.5,2/24/19,FAGR,LI,7.6,3/10/20,LI,3/9/21,7.7,LI,3/4/22,7.9,LI,3/9/23,8,LI,2/27/24,8.3,LI,TRUE,,
Saltwater,West,1802,J5,16.3,2/24/19,QUFA,LI,16.4,3/10/20,LI,3/9/21,16.5,LI,3/4/22,16.5,LI,3/9/23,16.5,LI,2/27/24,16.5,LI,TRUE,,SP
Saltwater,West,1803,I5,42.1,2/24/19,LITU,LI,42.4,3/10/20,LI,3/9/21,42.6,LI,3/4/22,43.2,LI,3/9/23,43.3,LI,2/27/24,43.8,LI,TRUE,,
Saltwater,West,1804,I5,10.3,2/24/19,FAGR,LI,10.4,3/10/20,LI,3/9/21,10.6,LI,3/4/22,10.8,LI,3/9/23,10.8,LI,2/27/24,11,LI,TRUE,,
Saltwater,West,1805,I5,4.1,2/24/19,FAGR,LI,4.1,3/10/20,LI,3/9/21,4.1,LI,3/4/22,4.2,LI,3/9/23,4.2,LI,2/27/24,4.2,LI,TRUE,,
Saltwater,West,1806,I5,16.9,2/24/19,FAGR,LI,17.1,3/10/20,LI,3/9/21,17.4,LI,3/4/22,17.7,LI,3/9/23,17.9,LI,2/27/24,18.2,LI,TRUE,,
Saltwater,West,1807,I5,19,2/24/19,,LI,19,3/10/20,LI,3/9/21,19.1,LI,3/4/22,19.1,LI,3/9/23,19.1,DS,2/27/24,18.9,LI,TRUE,,
Saltwater,West,1808,I5,29.1,2/24/19,LIST2,LI,29.1,3/10/20,LI,3/9/21,28.9,LI,3/4/22,28.8,LI,3/9/23,28.9,LI,2/27/24,29.1,LI,TRUE,,"M, SP"
Saltwater,West,1809,I5,29.1,2/24/19,LIST2,LI,29.1,3/10/20,LI,3/9/21,29.2,LI,3/4/22,29.2,LI,3/9/23,29.2,LI,2/27/24,29.2,LI,TRUE,,"SEC, SP"
Saltwater,West,1810,I4,4.5,2/24/19,FAGR,LI,4.5,3/10/20,LI,3/9/21,4.5,LI,3/4/22,4.6,LI,3/9/23,4.6,LI,2/27/24,4.7,LI,TRUE,,
Saltwater,West,1811,I3,41.7,2/24/19,LITU,LI,41.8,3/10/20,LI,3/9/21,42.3,LI,3/4/22,42.7,LI,3/9/23,42.9,LI,2/27/24,43.4,LI,TRUE,,
Saltwater,West,1812,I3,37.8,2/24/19,LIST2,LI,37.5,3/10/20,LI,3/9/21,37.5,LI,3/4/22,37.3,LI,3/9/23,37.5,LI,2/27/24,37.7,LI,TRUE,,"M, SP"
Saltwater,West,1813,I3,30.9,2/24/19,LIST2,LI,30.5,3/10/20,LI,3/9/21,30.4,LI,3/4/22,30.3,LI,3/9/23,30.4,LI,2/27/24,30.2,LI,TRUE,,"SEC, SP"
Saltwater,West,1814,I3,11.3,2/24/19,FAGR,LI,11.3,3/10/20,LI,3/9/21,11.5,LI,3/4/22,11.8,LI,3/9/23,11.9,LI,2/27/24,12.2,LI,TRUE,,
Saltwater,West,1815,H3,43.3,2/24/19,LITU,LI,43.4,3/10/20,LI,3/9/21,43.7,LI,3/4/22,44.3,LI,3/9/23,44.7,LI,2/27/24,45.1,LI,TRUE,,
Saltwater,West,1816,H4,33.2,2/24/19,CATO6,LI,33.5,3/10/20,LI,3/9/21,33.5,LI,3/4/22,33.7,LI,3/9/23,33.8,LI,2/27/24,33.9,LI,TRUE,,"SEC, SP"
Saltwater,West,1817,H5,47.1,2/24/19,LITU,LI,47.2,3/10/20,LI,3/9/21,47.4,LI,3/4/22,47.6,LI,3/9/23,47.9,LI,2/27/24,48.1,LI,TRUE,,
Saltwater,West,1818,H5,18.1,2/24/19,FAGR,LI,18.3,3/10/20,LI,3/9/21,18.7,LI,3/4/22,19.2,LI,3/9/23,19.4,LI,2/27/24,19.7,LI,TRUE,,
Saltwater,West,1819,G5,4.3,2/24/19,FAGR,LI,4.3,3/10/20,LI,3/9/21,4.4,LI,3/4/22,4.4,LI,3/9/23,4.4,LI,2/27/24,4.5,LI,TRUE,,
Saltwater,West,1820,G5,51.4,2/24/19,LITU,LI,51.5,3/10/20,LI,3/9/21,51.9,LI,3/4/22,52.4,LI,3/9/23,52.4,LI,2/27/24,52.8,LI,TRUE,,
Saltwater,West,1821,G4,11.4,2/24/19,FAGR,LI,11.5,3/10/20,LI,3/9/21,11.7,LI,3/4/22,11.9,LI,3/9/23,12.1,LI,2/27/24,12.2,LI,TRUE,,
Saltwater,West,1822,G3,40.5,2/24/19,LITU,LI,40.5,3/10/20,LI,3/9/21,40.8,LI,3/4/22,41.5,LI,3/9/23,41.6,LI,2/27/24,41.8,LI,TRUE,,
Saltwater,West,1823,H3,14.1,2/24/19,QUAL,LI,14.4,3/10/20,LI,3/9/21,14.4,LI,3/4/22,14.5,LI,3/9/23,14.5,LI,2/27/24,14.5,LI,TRUE,,SP
Saltwater,West,1824,G3,50.3,2/24/19,LITU,LI,50.7,3/10/20,LI,3/9/21,51,LI,3/4/22,51.4,LI,3/9/23,51.8,LI,2/27/24,52,LI,TRUE,Changed 2021 and 2022 from 21 to 51 after field double-check,
Saltwater,West,1825,G3,2.6,2/24/19,FAGR,LI,2.6,3/10/20,LI,3/9/21,2.6,LI,3/4/22,2.6,LI,3/9/23,2.6,LI,2/27/24,2.6,LI,TRUE,,
Saltwater,West,1826,G3,9,2/24/19,FAGR,LI,9,3/10/20,LI,3/9/21,9,LI,3/4/22,9.1,LI,3/9/23,9,LI,2/27/24,9.2,LI,TRUE,,
Saltwater,West,1827,F2,6.1,2/24/19,FAGR,LI,6.2,3/10/20,LI,3/9/21,6.2,LI,3/4/22,6.3,LI,3/9/23,6.3,LI,2/27/24,6.3,LI,TRUE,,
Saltwater,West,1828,F3,20.2,2/24/19,FAGR,LI,20.3,3/10/20,LI,3/9/21,20.5,LI,3/4/22,20.7,LI,3/9/23,20.8,LI,2/27/24,20.9,LI,TRUE,,
Saltwater,West,1829,E4,21.6,2/24/19,FAGR,LI,22,3/10/20,LI,3/9/21,22.5,LI,3/4/22,22.9,LI,3/9/23,23.1,LI,2/27/24,23.7,LI,TRUE,No tag; Tag found 3/2021 and re-mounted,
Saltwater,West,1830,E3,35.6,2/24/19,LITU,LI,35.6,3/10/20,LI,3/9/21,35.8,LI,3/4/22,36.2,LI,3/9/23,36.3,LI,2/27/24,36.5,LI,TRUE,,
Saltwater,West,1831,D3,31.7,2/24/19,LITU,LI,31.6,3/10/20,LI,3/9/21,31.7,LI,3/4/22,32.1,LI,3/9/23,32.2,LI,2/27/24,32.2,LI,TRUE,,
Saltwater,West,1832,D3,3.6,2/24/19,FAGR,LI,3.8,3/10/20,LI,3/9/21,4,LI,3/4/22,4,LI,3/9/23,4.1,LI,2/27/24,4.4,LI,TRUE,,
Saltwater,West,1833,D3,3.5,2/24/19,FAGR,LI,3.6,3/10/20,LI,3/9/21,3.8,LI,3/4/22,3.8,LI,3/9/23,3.9,LI,2/27/24,4,LI,TRUE,,
Saltwater,West,1834,D3,2.7,2/24/19,FAGR,LI,2.8,3/10/20,LI,3/9/21,2.9,LI,3/4/22,2.9,LI,3/9/23,3,LI,2/27/24,3.3,LI,TRUE,,
Saltwater,West,1835,D2,14,2/24/19,ACRU,LI,14,3/10/20,LI,3/9/21,14.2,LI,3/4/22,14.4,LI,3/9/23,14.2,LI,2/27/24,14.2,LI,TRUE,,
Saltwater,West,1836,D3,55.5,2/24/19,LITU,LI,55.5,3/10/20,LI,3/9/21,56,LI,3/4/22,56.3,LI,3/9/23,56.7,LI,2/27/24,57.2,LI,TRUE,,
Saltwater,West,1837,C3,3.8,2/24/19,NYSY,LI,3.9,3/10/20,LI,3/9/21,4,LI,3/4/22,3.9,LI,3/9/23,3.9,LI,2/27/24,4.1,LI,TRUE,,
Saltwater,West,1838,C3,46.6,2/24/19,LITU,LI,46.3,3/10/20,LI,3/9/21,46.5,LI,3/4/22,46.9,LI,3/9/23,47,LI,2/27/24,47.1,LI,TRUE,,
Saltwater,West,1839,C2,27.3,2/24/19,FAGR,LI,27.6,3/10/20,LI,3/9/21,28,LI,3/4/22,28.5,LI,3/9/23,28.7,LI,2/27/24,29.4,LI,TRUE,,
Saltwater,West,1840,C2,7.5,2/24/19,FAGR,LI,7.7,3/10/20,LI,3/9/21,7.8,LI,3/4/22,7.8,LI,3/9/23,8,LI,2/27/24,8.3,LI,TRUE,,
Saltwater,West,1841,C2,16.1,2/24/19,FAGR,LI,16.2,3/10/20,LI,3/9/21,16.3,LI,3/4/22,16.5,LI,3/9/23,16.5,LI,2/27/24,16.7,LI,TRUE,,
Saltwater,West,1842,C2,2.5,2/24/19,FAGR,LI,2.5,3/10/20,LI,3/9/21,2.6,LI,3/4/22,2.6,LI,3/9/23,2.6,LI,2/27/24,2.6,LI,TRUE,,
Saltwater,West,1843,B1,3.6,2/24/19,FAGR,LI,3.7,3/10/20,LI,3/9/21,3.8,LI,3/4/22,3.8,LI,3/9/23,3.8,LI,2/27/24,3.8,LI,TRUE,,
Saltwater,West,1844,B2,35.5,2/24/19,LIST2,LI,35.4,3/10/20,LI,3/9/21,35.4,LI,3/4/22,35.3,LI,3/9/23,35.4,LI,2/27/24,35.3,LI,TRUE,,SP
Saltwater,West,1845,B3,40.2,2/24/19,LITU,LI,40.7,3/10/20,LI,3/9/21,40.9,LI,3/4/22,41.2,LI,3/9/23,41.7,LI,2/27/24,42,LI,TRUE,,
Saltwater,West,1846,B3,8,2/24/19,FAGR,LI,8.3,3/10/20,LI,3/9/21,8.6,LI,3/4/22,8.8,LI,3/9/23,9.1,LI,2/27/24,9.4,LI,TRUE,,
Saltwater,West,1847,A3,40.7,2/24/19,LITU,LI,40.8,3/10/20,LI,3/9/21,40.9,LI,3/4/22,41.1,LI,3/9/23,41.4,LI,2/27/24,41.8,LI,TRUE,,
Saltwater,West,1848,A2,34.2,2/24/19,FAGR,LI,34.6,3/10/20,LI,3/9/21,35.2,LI,3/4/22,35.6,LI,3/9/23,35.8,LI,2/27/24,35.6,LI,TRUE,,
Saltwater,West,1849,B1,5.3,2/24/19,FAGR,LI,5.4,3/10/20,LI,3/9/21,5.5,LI,3/4/22,5.6,LI,3/9/23,5.7,LI,2/27/24,5.9,LI,TRUE,,
Saltwater,West,1850,J2,14.2,2/24/19,CAGL8,LI,14.5,3/10/20,LI,3/9/21,14.7,LI,3/4/22,14.9,LI,3/9/23,15.1,LI,2/27/24,15.3,LI,TRUE,,
Saltwater,West,1851,I2,30.2,2/24/19,FAGR,LI,30.6,3/10/20,LI,3/9/21,31,LI,3/4/22,31.5,LI,3/9/23,32.1,LI,2/27/24,32.4,LI,TRUE,,
Saltwater,West,1852,I1,50.1,2/24/19,LITU,LI,50.6,3/10/20,LI,3/9/21,50.6,LI,3/4/22,51,LI,3/9/23,51.7,LI,2/27/24,51.5,LI,TRUE,,
Saltwater,West,1853,I1,62.7,2/24/19,LITU,LI,62.9,3/10/20,LI,3/9/21,63.5,LI,3/4/22,64,LI,3/9/23,64.5,LI,2/27/24,64.5,LI,TRUE,,
Saltwater,West,1854,H1,12.8,2/24/19,FAGR,LI,13.1,3/10/20,LI,3/9/21,13.1,LI,3/4/22,13.3,LI,3/9/23,13.4,LI,2/27/24,13.6,LI,TRUE,,SP
Saltwater,West,1855,H2,42.4,2/24/19,LITU,LI,42.7,3/10/20,LI,3/9/21,43.2,LI,3/4/22,43.7,LI,3/9/23,44,LI,2/27/24,44.6,LI,TRUE,,
Saltwater,West,1856,H2,5.3,2/24/19,FAGR,LI,5.4,3/10/20,LI,3/9/21,5.5,LI,3/4/22,5.6,LI,3/9/23,5.7,LI,2/27/24,5.8,LI,TRUE,,
Saltwater,West,1857,H2,5.2,2/24/19,FAGR,LI,5.3,3/10/20,LI,3/9/21,5.4,LI,3/4/22,5.6,LI,3/9/23,5.7,LI,2/27/24,5.9,LI,TRUE,,
Saltwater,West,1858,H1,4.8,2/24/19,FAGR,LI,4.8,3/10/20,LI,3/9/21,4.8,LI,3/4/22,4.9,LI,3/9/23,4.8,LI,2/27/24,4.8,LI,TRUE,,
Saltwater,West,1859,G1,7,2/24/19,FAGR,LI,7,3/10/20,LI,3/9/21,7.1,LI,3/4/22,7.2,LI,3/9/23,7.2,LI,2/27/24,7.3,LI,TRUE,,
Saltwater,West,1860,G1,35.9,2/24/19,LIST2,LI,35.9,3/10/20,LI,3/9/21,,,3/4/22,,,3/9/23,,,2/27/24,,,FALSE,,SP
Saltwater,West,1861,G1,39.9,2/24/19,LITU,LI,40,3/10/20,LI,3/9/21,40.1,LI,3/4/22,40.2,LI,3/9/23,40.1,LI,2/27/24,40.5,LI,TRUE,,
Saltwater,West,1862,G1,24.2,2/24/19,LITU,LI,24.3,3/10/20,LI,3/9/21,24.3,LI,3/4/22,24.5,LI,3/9/23,24.5,LI,2/27/24,24.6,LI,TRUE,,
Saltwater,West,1863,G1,9.2,2/24/19,FAGR,LI,9.3,3/10/20,LI,3/9/21,9.5,LI,3/4/22,9.7,LI,3/9/23,9.8,LI,2/27/24,9.9,LI,TRUE,,
Saltwater,West,1864,F1,23.5,2/24/19,FAGR,LI,23.5,3/10/20,LI,3/9/21,24,LI,3/4/22,24.4,LI,3/9/23,24.8,LI,2/27/24,25.5,LI,TRUE,,
Saltwater,West,1865,F2,34.1,2/24/19,ACRU,LI,34.2,3/10/20,LI,3/9/21,34.4,LI,3/4/22,35.1,LI,3/9/23,34.7,LI,2/27/24,35.1,LI,TRUE,,
Saltwater,West,1866,D2,2.4,2/24/19,FAGR,LI,2.6,3/10/20,LI,3/9/21,2.7,LI,3/4/22,2.8,LI,3/9/23,3,LI,2/27/24,3.2,LI,TRUE,,
Saltwater,West,1867,D1,3,2/24/19,FAGR,LI,3,3/10/20,LI,3/9/21,3.1,LI,3/4/22,3.2,LI,3/9/23,3.2,LI,2/27/24,3.3,LI,TRUE,,
Saltwater,West,1868,D1,32.5,2/24/19,FAGR,LI,33.1,3/10/20,LI,3/9/21,33.1,LI,3/4/22,33,LI,3/9/23,33.2,LI,2/27/24,33.2,LI,TRUE,Measured at band,
Saltwater,West,1869,D1,19,2/24/19,ACRU,LI,19,3/10/20,LI,3/9/21,,,3/4/22,,,3/9/23,,,2/27/24,,LI,FALSE,,
Saltwater,West,1870,D1,51.6,2/24/19,LITU,LI,51.6,3/10/20,LI,3/9/21,,,3/4/22,,,3/9/23,,,2/27/24,,LI,FALSE,,
Saltwater,West,1871,C1,35.8,2/24/19,LITU,LI,35.7,3/10/20,LI,3/9/21,,,3/4/22,,,3/9/23,,,2/27/24,,LI,FALSE,,
Saltwater,West,1872,C1,9.4,2/24/19,FAGR,LI,9.6,3/10/20,LI,3/9/21,,,3/4/22,,,3/9/23,,,2/27/24,,LI,FALSE,,
Saltwater,West,1873,C1,46.6,2/24/19,LITU,LI,47,3/10/20,LI,3/9/21,,,3/4/22,,,3/9/23,,,2/27/24,,LI,FALSE,,
Saltwater,West,1874,C1,2.6,2/24/19,FAGR,LI,2.7,3/10/20,LI,3/9/21,,,3/4/22,,,3/9/23,,,2/27/24,,LI,FALSE,,
Saltwater,West,1875,C1,8.6,2/24/19,FAGR,LI,8.8,3/10/20,LI,3/9/21,8.8,LI,3/4/22,8.9,LI,3/9/23,9,LI,2/27/24,9.1,LI,TRUE,,
Saltwater,West,1876,C1,49.5,2/24/19,LIST2,LI,49.5,3/10/20,LI,3/9/21,49.6,LI,3/4/22,49.6,LI,3/9/23,49.7,LI,2/27/24,49.5,LI,TRUE,,"IR, SP"
Saltwater,West,1877,C1,20,2/24/19,LITU,LI,20.1,3/10/20,LI,3/9/21,20.1,LI,3/4/22,20.2,LI,3/9/23,20.2,LI,2/27/24,20.3,LI,TRUE,,SP
Saltwater,West,1878,C1,10.2,2/24/19,FAGR,LI,10.3,3/10/20,LI,3/9/21,,,3/4/22,,,3/9/23,,,2/27/24,,LI,FALSE,,
Saltwater,West,1879,C1,10.1,2/24/19,ACRU,LI,10.3,3/10/20,LI,3/9/21,,,3/4/22,,,3/9/23,,,2/27/24,,LI,FALSE,,SP
Saltwater,West,1880,C1,55.1,2/24/19,LITU,LI,55.2,3/10/20,LI,3/9/21,,,3/4/22,,,3/9/23,,,2/27/24,,LI,FALSE,,
Saltwater,West,1881,C1,10.7,2/24/19,FAGR,LI,10.7,3/10/20,LI,3/9/21,,,3/4/22,,,3/9/23,,,2/27/24,,LI,FALSE,,
Saltwater,West,1882,C1,7,2/24/19,FAGR,LI,7,3/10/20,LI,3/9/21,,,3/4/22,,,3/9/23,,,2/27/24,,LI,FALSE,,
Saltwater,West,1883,C1,10.8,2/24/19,FAGR,LI,10.6,3/10/20,LI,3/9/21,,,3/4/22,,,3/9/23,,,2/27/24,,LI,FALSE,,
Saltwater,West,1884,G5,6.2,2/24/19,FAGR,LI,6.3,3/10/20,LI,3/9/21,6.5,LI,3/4/22,6.5,LI,3/10/23,6.5,LI,2/27/24,6.7,LI,TRUE,Next to 1774,
Saltwater,West,1885,G2,40.6,2/24/19,LIST2,LI,40.8,3/10/20,LI,3/9/21,40.6,LI,3/4/22,40.9,LI,3/10/23,40.2,LI,2/27/24,41,LI,TRUE,Next to 1823,SP
Saltwater,,1886,J8,,,NYSY,,,,,3/9/21,7.8,LI,3/4/22,7.9,LI,3/9/23,8,LI,2/27/24,8.2,LI,TRUE,,
Saltwater,,1887,I7,,,CAGL,,,,,3/9/21,3.1,LI,3/4/22,3.2,LI,3/9/23,3.1,LI,2/27/24,3.2,LI,TRUE,By 1765,
Saltwater,,1888,J7,,,NYSY,,,,,3/9/21,7.5,LI,3/4/22,7.3,DS,3/9/23,,DS,2/27/24,,DN,TRUE,,
Saltwater,,1889,J6,,,LITU,,,,,3/9/21,25.4,LI,3/4/22,25.7,LI,3/9/23,25.8,LI,2/27/24,25.8,LI,TRUE,,
Saltwater,,1890,J6,,,FAGR,,,,,3/9/21,21.2,LI,3/4/22,21.6,LI,3/9/23,22,LI,2/27/24,22.5,LI,TRUE,,
Saltwater,,1891,J6,,,LITU,,,,,3/9/21,58.2,LI,3/4/22,58.2,LI,3/9/23,58.2,LI,2/27/24,58.4,LI,TRUE,,
Saltwater,,1892,J2,,,LITU,,,,,3/9/21,50.2,LI,3/4/22,50.7,LI,3/9/23,50.4,LI,2/27/24,50.7,LI,TRUE,,
Saltwater,,1893,A2,,,,,,,,3/9/21,17.2,LI,3/4/22,,DS,3/9/23,,DN,2/27/24,,DN,TRUE,,
Saltwater,,1894,A2,,,FAGR,,,,,3/9/21,2.6,LI,3/4/22,2.6,LI,3/9/23,2.6,LI,2/27/24,2.7,LI,TRUE,,
Saltwater,,1895,A3,,,,,,,,3/9/21,38.9,DS,3/4/22,,DS,3/9/23,,DS,2/27/24,,DS,TRUE,,
Saltwater,,1896,A2,,,,,,,,3/9/21,26.6,LI,3/4/22,26.7,LI,3/9/23,26.8,LI,2/27/24,26.8,LI,TRUE,,
Saltwater,,1897,A2,,,FAGR,,,,,3/9/21,1.4,LI,3/4/22,1.5,LI,3/9/23,1.5,LI,2/27/24,1.7,LI,TRUE,,
Saltwater,,1898,A1,,,FAGR,,,,,3/9/21,9.7,LI,3/4/22,10.1,LI,3/9/23,10.2,LI,2/27/24,10.4,LI,TRUE,,