plot,collar,timepoint,condition,date,time,timezone,CO2_umol_m2_s,CH4_nmol_m2_s,CO2_umol_m2_min,CH4_nmol_m2_min,notes,names,observations,CO2_mean_perS,CO2_SE_perS,CO2_SE1_perS,CO2_SE2_perS,CH4_mean_perS,CH4_SE_perS,CH4_SE1_perS,CH4_SE2_perS,CO2_mean_perMin,CO2_SE_perMin,CO2_SE1_perMin,CO2_SE2_perMin,CH4_mean_perMin,CH4_SE_perMin,CH4_SE1_perMin,CH4_SE2_perMin
Control,NA,NA,pre-flood,NA,NA,NA,NA,NA,,,,NA,,,,,,,,,,493.322,39.29047,454.03153,532.61247,-78.86069,11.069634,-89.930324,-67.791056
Control,NA,NA,flooded,NA,NA,NA,NA,NA,NA,NA,,NA,,,,,,,,,,836.4575,62.48936,773.96814,898.94686,-157.996596,19.524477,-177.521073,-138.472119
Control,NA,NA,post-flood,NA,NA,NA,NA,NA,NA,NA,,NA,,,,,,,,,,653.94,60.10164,593.83836,714.04164,-154.567742,22.20739,-176.775132,-132.360352
Freshwater,NA,NA,pre-flood,NA,NA,NA,NA,NA,NA,NA,,NA,,,,,,,,,,494.0112,49.25541,444.75579,543.26661,-30.221538,4.261399,-34.482937,-25.960139
Freshwater,NA,NA,flooded,NA,NA,NA,NA,NA,NA,NA,,NA,,,,,,,,,,238.4834,26.25972,212.22368,264.74312,-17.954043,5.763895,-23.717938,-12.190148
Freshwater,NA,NA,post-flood,NA,NA,NA,NA,NA,NA,NA,,NA,,,,,,,,,,699.3844,67.81172,631.57268,767.19612,-62.1975,23.163955,-85.361455,-39.033545
Estuarine,NA,NA,pre-flood,NA,NA,NA,NA,NA,NA,NA,,NA,,,,,,,,,,415.0356,31.34873,383.68687,446.38433,-42.557778,8.497117,-51.054895,-34.060661
Estuarine,NA,NA,flooded,NA,NA,NA,NA,NA,NA,NA,,NA,,,,,,,,,,164.3413,19.26713,145.07417,183.60843,-2.536596,16.895703,-19.432299,14.359107
Estuarine,NA,NA,post-flood,NA,NA,NA,NA,NA,NA,NA,,NA,,,,,,,,,,539.8312,54.0288,485.8024,593.86,-9.058125,5.322854,-14.380979,-3.735271
Control,1,T0,pre-flood,6/4/23,13:03,EDT,5.37,-1.06,322.2,-63.6,,"Ben, Julia, Ashleigh",,,,,,,,,,,,,,,,,
Control,2,T0,pre-flood,6/4/23,12:50,EDT,7.203,-1.607,432.18,-96.42,,"Ben, Julia, Ashleigh",,,,,,,,,,,,,,,,,
Control,3,T0,pre-flood,6/4/23,12:59,EDT,9.04,-1.03,542.4,-61.8,,"Ben, Julia, Ashleigh",,,,,,,,,,,,,,,,,
Control,4,T0,pre-flood,6/4/23,12:45,EDT,9.87,-1.59,592.2,-95.4,,"Ben, Julia, Ashleigh",,,,,,,,,,,,,,,,,
Control,5,T0,pre-flood,6/4/23,13:07,EDT,8.51,-2,510.6,-120,,"Ben, Julia, Ashleigh",,,,,,,,,,,,,,,,,
Control,6,T0,pre-flood,6/4/23,13:13,EDT,6.01,-1.42,360.6,-85.2,,"Ben, Julia, Ashleigh",,,,,,,,,,,,,,,,,
Control,7,T0,pre-flood,6/4/23,13:16,EDT,5.35,-1.11,321,-66.6,,"Ben, Julia, Ashleigh",,,,,,,,,,,,,,,,,
Control,8,T0,pre-flood,6/4/23,13:10,EDT,6.35,-2.25,381,-135,,"Ben, Julia, Ashleigh",,,,,,,,,,,,,,,,,
Control,9,T0,pre-flood,6/4/23,14:33,EDT,NA,NA,NA,NA,,"Ben, Julia, Ashleigh",,,,,,,,,,,,,,,,,
Control,10,T0,pre-flood,6/4/23,14:46,EDT,11.17,-0.51,670.2,-30.6,,"Ben, Julia, Ashleigh",,,,,,,,,,,,,,,,,
Control,11,T0,pre-flood,6/4/23,14:27,EDT,3.61,-0.19,216.6,-11.4,,"Ben, Julia, Ashleigh",,,,,,,,,,,,,,,,,
Control,12,T0,pre-flood,6/4/23,14:42,EDT,4.31,-0.102,258.6,-6.12,Analyzer hiccup + redid,"Ben, Julia, Ashleigh",,,,,,,,,,,,,,,,,
Control,13,T0,pre-flood,6/4/23,14:50,EDT,5.78,-1.11,346.8,-66.6,,"Ben, Julia, Ashleigh",,,,,,,,,,,,,,,,,
Control,14,T0,pre-flood,6/4/23,14:54,EDT,6.82,-0.81,409.2,-48.6,,"Ben, Julia, Ashleigh",,,,,,,,,,,,,,,,,
Control,15,T0,pre-flood,6/4/23,14:57,EDT,6.46,-0.8,387.6,-48,,"Ben, Julia, Ashleigh",,,,,,,,,,,,,,,,,
Control,16,T0,pre-flood,6/4/23,15:00,EDT,18.22,-0.38,1093.2,-22.8,,"Ben, Julia, Ashleigh",,,,,,,,,,,,,,,,,
Estuarine,17,T0,pre-flood,6/4/23,13:23,EDT,10.12,-0.89,607.2,-53.4,,"Ben, Julia, Ashleigh",,,,,,,,,,,,,,,,,
Estuarine,18,T0,pre-flood,6/4/23,15:05,EDT,8.06,-1.18,483.6,-70.8,,"Ben, Julia, Ashleigh",,,,,,,,,,,,,,,,,
Estuarine,19,T0,pre-flood,6/4/23,15:09,EDT,8.52,-0.316,511.2,-18.96,,"Ben, Julia, Ashleigh",,,,,,,,,,,,,,,,,
Estuarine,20,T0,pre-flood,6/4/23,15:15,EDT,NA,NA,NA,NA,check file,"Ben, Julia, Ashleigh",,,,,,,,,,,,,,,,,
Estuarine,21,T0,pre-flood,6/4/23,15:28,EDT,6.87,-1.2,412.2,-72,,"Ben, Julia, Ashleigh",,,,,,,,,,,,,,,,,
Estuarine,22,T0,pre-flood,6/4/23,15:21,EDT,4.21,-0.254,252.6,-15.24,,"Ben, Julia, Ashleigh",,,,,,,,,,,,,,,,,
Estuarine,23,T0,pre-flood,6/4/23,15:17,EDT,NA,NA,NA,NA,,"Ben, Julia, Ashleigh",,,,,,,,,,,,,,,,,
Estuarine,24,T0,pre-flood,6/4/23,15:24,EDT,NA,NA,NA,NA,,"Ben, Julia, Ashleigh",,,,,,,,,,,,,,,,,
Estuarine,25,T0,pre-flood,6/4/23,13:46,EDT,4.95,-0.2,297,-12,,"Ben, Julia, Ashleigh",,,,,,,,,,,,,,,,,
Estuarine,26,T0,pre-flood,6/4/23,13:51,EDT,5.9,-0.17,354,-10.2,,"Ben, Julia, Ashleigh",,,,,,,,,,,,,,,,,
Estuarine,27,T0,pre-flood,6/4/23,13:45,EDT,0,0,0,0,check file,"Ben, Julia, Ashleigh",,,,,,,,,,,,,,,,,
Estuarine,28,T0,pre-flood,6/4/23,13:55,EDT,8.31,-0.78,498.6,-46.8,,"Ben, Julia, Ashleigh",,,,,,,,,,,,,,,,,
Estuarine,29,T0,pre-flood,6/4/23,13:45,EDT,5.23,-0.32,313.8,-19.2,,"Ben, Julia, Ashleigh",,,,,,,,,,,,,,,,,
Estuarine,30,T0,pre-flood,6/4/23,13:48,EDT,4.03,-0.2,241.8,-12,,"Ben, Julia, Ashleigh",,,,,,,,,,,,,,,,,
Estuarine,31,T0,pre-flood,6/4/23,13:37,EDT,3.18,-0.13,190.8,-7.8,,"Ben, Julia, Ashleigh",,,,,,,,,,,,,,,,,
Estuarine,32,T0,pre-flood,6/4/23,13:33,EDT,NA,NA,NA,NA,check file,"Ben, Julia, Ashleigh",,,,,,,,,,,,,,,,,
Freshwater,33,T0,pre-flood,6/4/23,14:03,EDT,NA,NA,NA,NA,check file,"Ben, Julia, Ashleigh",,,,,,,,,,,,,,,,,
Freshwater,34,T0,pre-flood,6/4/23,14:10,EDT,5.13,-0.24,307.8,-14.4,,"Ben, Julia, Ashleigh",,,,,,,,,,,,,,,,,
Freshwater,35,T0,pre-flood,6/4/23,14:06,EDT,5.96,-0.3,357.6,-18,,"Ben, Julia, Ashleigh",,,,,,,,,,,,,,,,,
Freshwater,36,T0,pre-flood,6/4/23,14:00,EDT,8.66,-0.6,519.6,-36,,"Ben, Julia, Ashleigh",,,,,,,,,,,,,,,,,
Freshwater,37,T0,pre-flood,6/4/23,14:23,EDT,8.69,-0.53,521.4,-31.8,,"Ben, Julia, Ashleigh",,,,,,,,,,,,,,,,,
Freshwater,38,T0,pre-flood,6/4/23,14:17,EDT,6.88,-0.39,412.8,-23.4,,"Ben, Julia, Ashleigh",,,,,,,,,,,,,,,,,
Freshwater,39,T0,pre-flood,6/4/23,14:20,EDT,5.23,-0.26,313.8,-15.6,,"Ben, Julia, Ashleigh",,,,,,,,,,,,,,,,,
Freshwater,40,T0,pre-flood,6/4/23,14:14,EDT,6.65,-0.4,399,-24,,"Ben, Julia, Ashleigh",,,,,,,,,,,,,,,,,
Freshwater,41,T0,pre-flood,6/4/23,15:44,EDT,5.79,-0.24,347.4,-14.4,,"Ben, Julia, Ashleigh",,,,,,,,,,,,,,,,,
Freshwater,42,T0,pre-flood,6/4/23,15:36,EDT,6.09,-0.72,365.4,-43.2,,"Ben, Julia, Ashleigh",,,,,,,,,,,,,,,,,
Freshwater,43,T0,pre-flood,6/4/23,15:32,EDT,NA,-0.3,NA,-18,,"Ben, Julia, Ashleigh",,,,,,,,,,,,,,,,,
Freshwater,44,T0,pre-flood,6/4/23,15:39,EDT,NA,NA,NA,NA,,"Ben, Julia, Ashleigh",,,,,,,,,,,,,,,,,
Freshwater,45,T0,pre-flood,6/4/23,15:48,EDT,18.7,-0.161,1122,-9.66,,"Ben, Julia, Ashleigh",,,,,,,,,,,,,,,,,
Freshwater,46,T0,pre-flood,6/4/23,15:54,EDT,12.25,-1.48,735,-88.8,,"Ben, Julia, Ashleigh",,,,,,,,,,,,,,,,,
Freshwater,47,T0,pre-flood,6/4/23,15:51,EDT,6.39,-0.45,383.4,-27,,"Ben, Julia, Ashleigh",,,,,,,,,,,,,,,,,
Freshwater,48,T0,pre-flood,6/4/23,15:57,EDT,4.59,-0.47,275.4,-28.2,,"Ben, Julia, Ashleigh",,,,,,,,,,,,,,,,,
Control,1,T1,pre-flood,6/5/23,13:29,EDT,7.317,-1.312,439.02,-78.72,,"Ben, Sam",Observation: Warm and cloudy,,,,,,,,,,,,,,,,
Control,2,T1,pre-flood,6/5/23,13:35,EDT,10.675,-2.573,640.5,-154.38,,"Ben, Sam",Observation: Warm and cloudy,,,,,,,,,,,,,,,,
Control,3,T1,pre-flood,6/5/23,13:32,EDT,8.672,-1.09,520.32,-65.4,,"Ben, Sam",Observation: Warm and cloudy,,,,,,,,,,,,,,,,
Control,4,T1,pre-flood,6/5/23,13:39,EDT,NA,NA,NA,NA,ok,"Ben, Sam",Observation: Warm and cloudy,,,,,,,,,,,,,,,,
Control,5,T1,pre-flood,6/5/23,13:54,EDT,13.143,-3.423,788.58,-205.38,,"Ben, Sam",Observation: Warm and cloudy,,,,,,,,,,,,,,,,
Control,6,T1,pre-flood,6/5/23,13:42,EDT,8,NA,480,NA,ok,"Ben, Sam",Observation: Warm and cloudy,,,,,,,,,,,,,,,,
Control,7,T1,pre-flood,6/5/23,13:43,EDT,5.729,-1.198,343.74,-71.88,,"Ben, Sam",Observation: Warm and cloudy,,,,,,,,,,,,,,,,
Control,8,T1,pre-flood,6/5/23,13:51,EDT,8.501,-3.885,510.06,-233.1,,"Ben, Sam",Observation: Warm and cloudy,,,,,,,,,,,,,,,,
Control,9,T1,pre-flood,6/5/23,13:58,EDT,20.83,-3.929,1249.8,-235.74,,"Ben, Sam",Observation: Warm and cloudy,,,,,,,,,,,,,,,,
Control,10,T1,pre-flood,6/5/23,14:01,EDT,10.4,-0.428,624,-25.68,,"Ben, Sam",Observation: Warm and cloudy,,,,,,,,,,,,,,,,
Control,11,T1,pre-flood,6/5/23,14:08,EDT,7.27,-0.303,436.2,-18.18,,"Ben, Sam",Observation: Warm and cloudy,,,,,,,,,,,,,,,,
Control,12,T1,pre-flood,6/5/23,14:04,EDT,8.176,-0.173,490.56,-10.38,,"Ben, Sam",Observation: Warm and cloudy,,,,,,,,,,,,,,,,
Control,13,T1,pre-flood,6/5/23,13:25,EDT,5.556,-1.081,333.36,-64.86,,"Ben, Sam",Observation: Warm and cloudy,,,,,,,,,,,,,,,,
Control,14,T1,pre-flood,6/5/23,13:21,EDT,6.756,-1.994,405.36,-119.64,,"Ben, Sam",Observation: Warm and cloudy,,,,,,,,,,,,,,,,
Control,15,T1,pre-flood,6/5/23,13:18,EDT,4.929,-0.464,295.74,-27.84,,"Ben, Sam",Observation: Warm and cloudy,,,,,,,,,,,,,,,,
Control,16,T1,pre-flood,6/5/23,13:15,EDT,6.634,-0.294,398.04,-17.64,,"Ben, Sam",Observation: Warm and cloudy,,,,,,,,,,,,,,,,
Estuarine,17,T1,pre-flood,6/5/23,13:09,EDT,7.615,-0.95,456.9,-57,,"Ben, Sam",Observation: Warm and cloudy,,,,,,,,,,,,,,,,
Estuarine,18,T1,pre-flood,6/5/23,13:06,EDT,10.948,-1.471,656.88,-88.26,,"Ben, Sam",Observation: Warm and cloudy,,,,,,,,,,,,,,,,
Estuarine,19,T1,pre-flood,6/5/23,13:02,EDT,5.273,-0.532,316.38,-31.92,,"Ben, Sam",Observation: Warm and cloudy,,,,,,,,,,,,,,,,
Estuarine,20,T1,pre-flood,6/5/23,12:59,EDT,6.851,-0.346,411.06,-20.76,,"Ben, Sam",Observation: Warm and cloudy,,,,,,,,,,,,,,,,
Estuarine,21,T1,pre-flood,6/5/23,15:10,EDT,12.17,-2.12,730.2,-127.2,,"Ben, Sam",Observation: Warm and cloudy,,,,,,,,,,,,,,,,
Estuarine,22,T1,pre-flood,6/5/23,15:04,EDT,NA,NA,NA,NA,ok,"Ben, Sam",Observation: Warm and cloudy,,,,,,,,,,,,,,,,
Estuarine,23,T1,pre-flood,6/5/23,15:01,EDT,6.202,-0.238,372.12,-14.28,"did 2x, take second","Ben, Sam",Observation: Warm and cloudy,,,,,,,,,,,,,,,,
Estuarine,24,T1,pre-flood,6/5/23,15:08,EDT,8.699,-0.247,521.94,-14.82,,"Ben, Sam",Observation: Warm and cloudy,,,,,,,,,,,,,,,,
Estuarine,25,T1,pre-flood,6/5/23,14:50,EDT,5.152,0.001,309.12,0.06,positive CH4!,"Ben, Sam",Observation: Warm and cloudy,,,,,,,,,,,,,,,,
Estuarine,26,T1,pre-flood,6/5/23,14:47,EDT,9.605,-0.375,576.3,-22.5,,"Ben, Sam",Observation: Warm and cloudy,,,,,,,,,,,,,,,,
Estuarine,27,T1,pre-flood,6/5/23,14:54,EDT,10.877,-2.464,652.62,-147.84,,"Ben, Sam",Observation: Warm and cloudy,,,,,,,,,,,,,,,,
Estuarine,28,T1,pre-flood,6/5/23,14:44,EDT,8.73,-0.605,523.8,-36.3,,"Ben, Sam",Observation: Warm and cloudy,,,,,,,,,,,,,,,,
Estuarine,29,T1,pre-flood,6/5/23,12:52,EDT,12.47,-0.313,748.2,-18.78,,"Ben, Sam",Observation: Warm and cloudy,,,,,,,,,,,,,,,,
Estuarine,30,T1,pre-flood,6/5/23,12:55,EDT,4.708,-3.359,282.48,-201.54,,"Ben, Sam",Observation: Warm and cloudy,,,,,,,,,,,,,,,,
Estuarine,31,T1,pre-flood,6/5/23,12:48,EDT,3.472,-0.195,208.32,-11.7,,"Ben, Sam",Observation: Warm and cloudy,,,,,,,,,,,,,,,,
Estuarine,32,T1,pre-flood,6/5/23,12:45,EDT,4.614,-0.297,276.84,-17.82,,"Ben, Sam",Observation: Warm and cloudy,,,,,,,,,,,,,,,,
Freshwater,33,T1,pre-flood,6/5/23,14:23,EDT,NA,NA,NA,NA,ok,"Ben, Sam",Observation: Warm and cloudy,,,,,,,,,,,,,,,,
Freshwater,34,T1,pre-flood,6/5/23,14:26,EDT,10.73,-0.379,643.8,-22.74,,"Ben, Sam",Observation: Warm and cloudy,,,,,,,,,,,,,,,,
Freshwater,35,T1,pre-flood,6/5/23,14:18,EDT,18.587,-0.454,1115.22,-27.24,,"Ben, Sam",Observation: Warm and cloudy,,,,,,,,,,,,,,,,
Freshwater,36,T1,pre-flood,6/5/23,14:14,EDT,8.733,-0.693,523.98,-41.58,,"Ben, Sam",Observation: Warm and cloudy,,,,,,,,,,,,,,,,
Freshwater,37,T1,pre-flood,6/5/23,12:39,EDT,NA,NA,NA,NA,good flux measurement (no numbers),"Ben, Sam",Observation: Warm and cloudy,,,,,,,,,,,,,,,,
Freshwater,38,T1,pre-flood,6/5/23,12:33,EDT,6.317,-0.35,379.02,-21,,"Ben, Sam",Observation: Warm and cloudy,,,,,,,,,,,,,,,,
Freshwater,39,T1,pre-flood,6/5/23,12:37,EDT,5.791,-0.217,347.46,-13.02,,"Ben, Sam",Observation: Warm and cloudy,,,,,,,,,,,,,,,,
Freshwater,40,T1,pre-flood,6/5/23,12:30,EDT,NA,NA,NA,NA,measurement ok,"Ben, Sam",Observation: Warm and cloudy,,,,,,,,,,,,,,,,
Freshwater,41,T1,pre-flood,6/5/23,12:14,EDT,NA,NA,NA,NA,measurement ok but no fluid,"Ben, Sam",Observation: Warm and cloudy,,,,,,,,,,,,,,,,
Freshwater,42,T1,pre-flood,6/5/23,12:20,EDT,5.718,-0.764,343.08,-45.84,,"Ben, Sam",Observation: Warm and cloudy,,,,,,,,,,,,,,,,
Freshwater,43,T1,pre-flood,6/5/23,12:27,EDT,3.806,-0.259,228.36,-15.54,,"Ben, Sam",Observation: Warm and cloudy,,,,,,,,,,,,,,,,
Freshwater,44,T1,pre-flood,6/5/23,12:23,EDT,6.036,-0.418,362.16,-25.08,,"Ben, Sam",Observation: Warm and cloudy,,,,,,,,,,,,,,,,
Freshwater,45,T1,pre-flood,6/5/23,14:29,EDT,8.817,-0.122,529.02,-7.32,,"Ben, Sam",Observation: Warm and cloudy,,,,,,,,,,,,,,,,
Freshwater,46,T1,pre-flood,6/5/23,14:33,EDT,21.275,-2.011,1276.5,-120.66,,"Ben, Sam",Observation: Warm and cloudy,,,,,,,,,,,,,,,,
Freshwater,47,T1,pre-flood,6/5/23,14:39,EDT,4.633,-0.497,277.98,-29.82,,"Ben, Sam",Observation: Warm and cloudy,,,,,,,,,,,,,,,,
Freshwater,48,T1,pre-flood,6/5/23,14:36,EDT,4.385,-0.391,263.1,-23.46,,"Ben, Sam",Observation: Warm and cloudy,,,,,,,,,,,,,,,,
Control,1,T2,flooded,6/6/23,13:18,EDT,12.769,-1.847,766.14,-110.82,,"Ben, Sam",,,,,,,,,,,,,,,,,
Control,2,T2,flooded,6/6/23,12:36,EDT,13.771,-4.153,826.26,-249.18,,"Ben, Sam",,,,,,,,,,,,,,,,,
Control,3,T2,flooded,6/6/23,12:32,EDT,31.562,-6.378,1893.72,-382.68,,"Ben, Sam",,,,,,,,,,,,,,,,,
Control,4,T2,flooded,6/6/23,12:40,EDT,13.058,-2.217,783.48,-133.02,,"Ben, Sam",,,,,,,,,,,,,,,,,
Control,5,T2,flooded,6/6/23,12:56,EDT,22.256,-8.818,1335.36,-529.08,"2nd came up zeroes, but 1st measured","Ben, Sam",,,,,,,,,,,,,,,,,
Control,6,T2,flooded,6/6/23,12:49,EDT,14.046,-2.409,842.76,-144.54,,"Ben, Sam",,,,,,,,,,,,,,,,,
Control,7,T2,flooded,6/6/23,12:53,EDT,9.539,-1.974,572.34,-118.44,,"Ben, Sam",,,,,,,,,,,,,,,,,
Control,8,T2,flooded,6/6/23,12:45,EDT,7.336,-2.413,440.16,-144.78,"1st came up zeroes, but still measured","Ben, Sam",,,,,,,,,,,,,,,,,
Control,9,T2,flooded,6/6/23,13:09,EDT,5.911,-0.927,354.66,-55.62,,"Ben, Sam",,,,,,,,,,,,,,,,,
Control,10,T2,flooded,6/6/23,13:01,EDT,5.078,-0.304,304.68,-18.24,,"Ben, Sam",,,,,,,,,,,,,,,,,
Control,11,T2,flooded,6/6/23,13:14,EDT,5.845,-0.156,350.7,-9.36,,"Ben, Sam",,,,,,,,,,,,,,,,,
Control,12,T2,flooded,6/6/23,13:05,EDT,6.748,-0.192,404.88,-11.52,"2nd came up zeroes, but still measured","Ben, Sam",,,,,,,,,,,,,,,,,
Control,13,T2,flooded,6/6/23,12:22,EDT,10.683,-1.564,640.98,-93.84,,"Ben, Sam",,,,,,,,,,,,,,,,,
Control,14,T2,flooded,6/6/23,12:16,EDT,7.216,-0.857,432.96,-51.42,,"Ben, Sam",,,,,,,,,,,,,,,,,
Control,15,T2,flooded,6/6/23,12:12,EDT,NA,NA,NA,NA,"measured, but 2nd came up zero","Ben, Sam",,,,,,,,,,,,,,,,,
Control,16,T2,flooded,6/6/23,12:27,EDT,16.41,-1.054,984.6,-63.24,,"Ben, Sam",,,,,,,,,,,,,,,,,
Control,17,T2,flooded,6/6/23,13:26,EDT,1.614,0.016,96.84,0.96,,"Ben, Sam",,,,,,,,,,,,,,,,,
Estuarine,18,T2,flooded,6/6/23,13:32,EDT,6.741,0.904,404.46,54.24,,"Ben, Sam",,,,,,,,,,,,,,,,,
Estuarine,19,T2,flooded,6/6/23,13:41,EDT,2.584,0.059,155.04,3.54,,"Ben, Sam",,,,,,,,,,,,,,,,,
Estuarine,20,T2,flooded,6/6/23,13:36,EDT,1.309,0.901,78.54,54.06,,"Ben, Sam",,,,,,,,,,,,,,,,,
Estuarine,21,T2,flooded,6/6/23,13:44,EDT,4.805,0.146,288.3,8.76,,"Ben, Sam",,,,,,,,,,,,,,,,,
Estuarine,22,T2,flooded,6/6/23,13:57,EDT,0.884,0.011,53.04,0.66,,"Ben, Sam",,,,,,,,,,,,,,,,,
Estuarine,23,T2,flooded,6/6/23,13:53,EDT,12.001,-0.005,720.06,-0.3,,"Ben, Sam",,,,,,,,,,,,,,,,,
Estuarine,24,T2,flooded,6/6/23,13:48,EDT,1.864,0.323,111.84,19.38,,"Ben, Sam",,,,,,,,,,,,,,,,,
Estuarine,25,T2,flooded,6/6/23,15:31,EDT,1.084,0.112,65.04,6.72,,"Ben, Sam",,,,,,,,,,,,,,,,,
Estuarine,26,T2,flooded,6/6/23,15:35,EDT,3.613,0.733,216.78,43.98,"1st rep -54.556 CH4, taking another measurement","Ben, Sam",,,,,,,,,,,,,,,,,
Estuarine,27,T2,flooded,6/6/23,15:22,EDT,7.563,2.602,453.78,156.12,repeating (2nd rep showed high CH4 flux around 109) --> 2nd series was 0.709 CH4 flux,"Ben, Sam",,,,,,,,,,,,,,,,,
Estuarine,28,T2,flooded,6/6/23,15:42,EDT,2.928,-0.01,175.68,-0.6,,"Ben, Sam",,,,,,,,,,,,,,,,,
Estuarine,29,T2,flooded,6/6/23,15:13,EDT,1.216,0.586,72.96,35.16,,"Ben, Sam",,,,,,,,,,,,,,,,,
Estuarine,30,T2,flooded,6/6/23,15:06,EDT,0.789,0.367,47.34,22.02,,"Ben, Sam",,,,,,,,,,,,,,,,,
Estuarine,31,T2,flooded,6/6/23,15:10,EDT,1.739,0.01,104.34,0.6,,"Ben, Sam",,,,,,,,,,,,,,,,,
Estuarine,32,T2,flooded,6/6/23,15:17,EDT,1.433,-1.323,85.98,-79.38,"1st rep zeroes, wrote 2nd rep","Ben, Sam",,,,,,,,,,,,,,,,,
Estuarine,33,T2,flooded,6/6/23,14:05,EDT,1.476,0.056,88.56,3.36,,"Ben, Sam",,,,,,,,,,,,,,,,,
Freshwater,34,T2,flooded,6/6/23,14:11,EDT,4.27,-0.015,256.2,-0.9,,"Ben, Sam",,,,,,,,,,,,,,,,,
Freshwater,35,T2,flooded,6/6/23,14:08,EDT,3.257,-0.027,195.42,-1.62,,"Ben, Sam",,,,,,,,,,,,,,,,,
Freshwater,36,T2,flooded,6/6/23,14:02,EDT,1.751,-0.061,105.06,-3.66,"1st run showed zeroes, wrote 2nd run","Ben, Sam",,,,,,,,,,,,,,,,,
Freshwater,37,T2,flooded,6/6/23,14:25,EDT,1.257,-0.086,75.42,-5.16,,"Ben, Sam",,,,,,,,,,,,,,,,,
Freshwater,38,T2,flooded,6/6/23,14:18,EDT,6.256,-0.018,375.36,-1.08,,"Ben, Sam",,,,,,,,,,,,,,,,,
Freshwater,39,T2,flooded,6/6/23,14:21,EDT,1.585,0.004,95.1,0.24,,"Ben, Sam",,,,,,,,,,,,,,,,,
Freshwater,40,T2,flooded,6/6/23,14:15,EDT,4.982,-0.146,298.92,-8.76,,"Ben, Sam",,,,,,,,,,,,,,,,,
Freshwater,41,T2,flooded,6/6/23,14:43,EDT,2.442,0.054,146.52,3.24,,"Ben, Sam",,,,,,,,,,,,,,,,,
Freshwater,42,T2,flooded,6/6/23,14:39,EDT,2.721,-0.179,163.26,-10.74,,"Ben, Sam",,,,,,,,,,,,,,,,,
Freshwater,43,T2,flooded,6/6/23,14:28,EDT,0.864,-0.151,51.84,-9.06,"did twice, take 43a measurement","Ben, Sam",,,,,,,,,,,,,,,,,
Freshwater,44,T2,flooded,6/6/23,14:36,EDT,1.398,-0.003,83.88,-0.18,,"Ben, Sam",,,,,,,,,,,,,,,,,
Freshwater,45,T2,flooded,6/6/23,14:56,EDT,1.802,-0.156,108.12,-9.36,,"Ben, Sam",,,,,,,,,,,,,,,,,
Freshwater,46,T2,flooded,6/6/23,14:48,EDT,11.008,-1.284,660.48,-77.04,,"Ben, Sam",,,,,,,,,,,,,,,,,
Freshwater,47,T2,flooded,6/6/23,15:00,EDT,3.647,-0.133,218.82,-7.98,,"Ben, Sam",,,,,,,,,,,,,,,,,
Freshwater,48,T2,flooded,6/6/23,14:51,EDT,1.229,0.114,73.74,6.84,2nd rep came up zeroes,"Ben, Sam",,,,,,,,,,,,,,,,,
Control,1,T3A,flooded,6/7/23,9:58,EDT,15.21,-2.67,912.6,-160.2,,"Ben, Sam",Observation: Smoky,,,,,,,,,,,,,,,,
Control,2,T3A,flooded,6/7/23,10:05,EDT,20.39,-4.01,1223.4,-240.6,,"Ben, Sam",Observation: Smoky,,,,,,,,,,,,,,,,
Control,3,T3A,flooded,6/7/23,10:02,EDT,7.26,-1.31,435.6,-78.6,,"Ben, Sam",Observation: Smoky,,,,,,,,,,,,,,,,
Control,4,T3A,flooded,6/7/23,10:08,EDT,29.58,-3.33,1774.8,-199.8,,"Ben, Sam",Observation: Smoky,,,,,,,,,,,,,,,,
Control,5,T3A,flooded,6/7/23,10:12,EDT,10.55,-8.38,633,-502.8,,"Ben, Sam",Observation: Smoky,,,,,,,,,,,,,,,,
Control,6,T3A,flooded,6/7/23,10:16,EDT,12.82,NA,769.2,NA,ok,"Ben, Sam",Observation: Smoky,,,,,,,,,,,,,,,,
Control,7,T3A,flooded,6/7/23,10:19,EDT,6.011,-1.49,360.66,-89.4,,"Ben, Sam",Observation: Smoky,,,,,,,,,,,,,,,,
Control,8,T3A,flooded,6/7/23,10:22,EDT,11.35,-3.66,681,-219.6,,"Ben, Sam",Observation: Smoky,,,,,,,,,,,,,,,,
Control,9,T3A,flooded,6/7/23,9:14,EDT,22.955,-1.537,1377.3,-92.22,,"Ben, Sam",Observation: Smoky,,,,,,,,,,,,,,,,
Control,10,T3A,flooded,6/7/23,9:08,EDT,23.884,-1.574,1433.04,-94.44,,"Ben, Sam",Observation: Smoky,,,,,,,,,,,,,,,,
Control,11,T3A,flooded,6/7/23,9:17,EDT,6.908,-0.217,414.48,-13.02,,"Ben, Sam",Observation: Smoky,,,,,,,,,,,,,,,,
Control,12,T3A,flooded,6/7/23,9:11,EDT,18.923,-0.991,1135.38,-59.46,,"Ben, Sam",Observation: Smoky,,,,,,,,,,,,,,,,
Control,13,T3A,flooded,6/7/23,9:20,EDT,16.069,-1.866,964.14,-111.96,,"Ben, Sam",Observation: Smoky,,,,,,,,,,,,,,,,
Control,14,T3A,flooded,6/7/23,9:23,EDT,25.692,-3.675,1541.52,-220.5,,"Ben, Sam",Observation: Smoky,,,,,,,,,,,,,,,,
Control,15,T3A,flooded,6/7/23,9:04,EDT,19.007,-2.596,1140.42,-155.76,,"Ben, Sam",Observation: Smoky,,,,,,,,,,,,,,,,
Control,16,T3A,flooded,6/7/23,9:00,EDT,21.315,-1.94,1278.9,-116.4,,"Ben, Sam",Observation: Smoky,,,,,,,,,,,,,,,,
Estuarine,17,T3A,flooded,6/7/23,9:28,EDT,1.468,0.034,88.08,2.04,,"Ben, Sam",Observation: Smoky,,,,,,,,,,,,,,,,
Estuarine,18,T3A,flooded,6/7/23,9:31,EDT,4.579,0.912,274.74,54.72,,"Ben, Sam",Observation: Smoky,,,,,,,,,,,,,,,,
Estuarine,19,T3A,flooded,6/7/23,9:34,EDT,0.721,0.186,43.26,11.16,,"Ben, Sam",Observation: Smoky,,,,,,,,,,,,,,,,
Estuarine,20,T3A,flooded,6/7/23,9:37,EDT,0.827,0.108,49.62,6.48,,"Ben, Sam",Observation: Smoky,,,,,,,,,,,,,,,,
Estuarine,21,T3A,flooded,6/7/23,10:29,EDT,7.963,-0.295,477.78,-17.7,,"Ben, Sam",Observation: Smoky,,,,,,,,,,,,,,,,
Estuarine,22,T3A,flooded,6/7/23,10:39,EDT,0.483,0.004,28.98,0.24,,"Ben, Sam",Observation: Smoky,,,,,,,,,,,,,,,,
Estuarine,23,T3A,flooded,6/7/23,10:35,EDT,3.114,-0.033,186.84,-1.98,,"Ben, Sam",Observation: Smoky,,,,,,,,,,,,,,,,
Estuarine,24,T3A,flooded,6/7/23,10:32,EDT,2.338,0.129,140.28,7.74,,"Ben, Sam",Observation: Smoky,,,,,,,,,,,,,,,,
Estuarine,25,T3A,flooded,6/7/23,10:49,EDT,1.476,0.026,88.56,1.56,,"Ben, Sam",Observation: Smoky,,,,,,,,,,,,,,,,
Estuarine,26,T3A,flooded,6/7/23,10:42,EDT,3.846,1.651,230.76,99.06,,"Ben, Sam",Observation: Smoky,,,,,,,,,,,,,,,,
Estuarine,27,T3A,flooded,6/7/23,10:52,EDT,2.892,-12.596,173.52,-755.76,,"Ben, Sam",Observation: Smoky,,,,,,,,,,,,,,,,
Estuarine,28,T3A,flooded,6/7/23,10:46,EDT,1.219,0.051,73.14,3.06,,"Ben, Sam",Observation: Smoky,,,,,,,,,,,,,,,,
Estuarine,29,T3A,flooded,6/7/23,9:48,EDT,0.747,0.246,44.82,14.76,,"Ben, Sam",Observation: Smoky,,,,,,,,,,,,,,,,
Estuarine,30,T3A,flooded,6/7/23,9:41,EDT,0.73,0.046,43.8,2.76,,"Ben, Sam",Observation: Smoky,,,,,,,,,,,,,,,,
Estuarine,31,T3A,flooded,6/7/23,9:44,EDT,2.362,-0.04,141.72,-2.4,,"Ben, Sam",Observation: Smoky,,,,,,,,,,,,,,,,
Estuarine,32,T3A,flooded,6/7/23,9:51,EDT,3.713,-0.119,222.78,-7.14,,"Ben, Sam",Observation: Smoky,,,,,,,,,,,,,,,,
Freshwater,33,T3A,flooded,6/7/23,7:50,EDT,2.35,-0.05,141,-3,,Ben,Observation: Smoky,,,,,,,,,,,,,,,,
Freshwater,34,T3A,flooded,6/7/23,8:42,EDT,4.56,-0.06,273.6,-3.6,,Ben,Observation: Smoky,,,,,,,,,,,,,,,,
Freshwater,35,T3A,flooded,6/7/23,8:46,EDT,3.53,-0.01,211.8,-0.6,,Ben,Observation: Smoky,,,,,,,,,,,,,,,,
Freshwater,36,T3A,flooded,6/7/23,8:53,EDT,4.34,-0.003,260.4,-0.18,,Ben,Observation: Smoky,,,,,,,,,,,,,,,,
Freshwater,37,T3A,flooded,6/7/23,8:39,EDT,5.07,0.06,304.2,3.6,,Ben,Observation: Smoky,,,,,,,,,,,,,,,,
Freshwater,38,T3A,flooded,6/7/23,8:32,EDT,3.48,0.01,208.8,0.6,,Ben,Observation: Smoky,,,,,,,,,,,,,,,,
Freshwater,39,T3A,flooded,6/7/23,8:35,EDT,2.03,-0.07,121.8,-4.2,,Ben,Observation: Smoky,,,,,,,,,,,,,,,,
Freshwater,40,T3A,flooded,6/7/23,8:29,EDT,7.72,-0.13,463.2,-7.8,,Ben,Observation: Smoky,,,,,,,,,,,,,,,,
Freshwater,41,T3A,flooded,6/7/23,8:21,EDT,2.37,0.02,142.2,1.2,,Ben,Observation: Smoky,,,,,,,,,,,,,,,,
Freshwater,42,T3A,flooded,6/7/23,8:14,EDT,2.96,-0.08,177.6,-4.8,,Ben,Observation: Smoky,,,,,,,,,,,,,,,,
Freshwater,43,T3A,flooded,6/7/23,8:24,EDT,1.08,-0.003,64.8,-0.18,,Ben,Observation: Smoky,,,,,,,,,,,,,,,,
Freshwater,44,T3A,flooded,6/7/23,8:18,EDT,0.64,-0.01,38.4,-0.6,,Ben,Observation: Smoky,,,,,,,,,,,,,,,,
Freshwater,45,T3A,flooded,6/7/23,8:10,EDT,2.25,-0.08,135,-4.8,,Ben,Observation: Smoky,,,,,,,,,,,,,,,,
Freshwater,46,T3A,flooded,6/7/23,8:00,EDT,17.33,-2.9,1039.8,-174,,Ben,Observation: Smoky,,,,,,,,,,,,,,,,
Freshwater,47,T3A,flooded,6/7/23,8:07,EDT,3.63,-0.3,217.8,-18,,Ben,Observation: Smoky,,,,,,,,,,,,,,,,
Freshwater,48,T3A,flooded,6/7/23,8:04,EDT,1.44,-0.02,86.4,-1.2,,Ben,Observation: Smoky,,,,,,,,,,,,,,,,
Control,1,T3B,flooded,6/7/23,14:28,EDT,19.667,-6.333,1180.02,-379.98,,"Sam, Ben",Observation: Still smoky,,,,,,,,,,,,,,,,
Control,2,T3B,flooded,6/7/23,14:21,EDT,15.73,-4.684,943.8,-281.04,,"Sam, Ben",Observation: Still smoky,,,,,,,,,,,,,,,,
Control,3,T3B,flooded,6/7/23,14:24,EDT,35.647,-8.658,2138.82,-519.48,,"Sam, Ben",Observation: Still smoky,,,,,,,,,,,,,,,,
Control,4,T3B,flooded,6/7/23,14:18,EDT,16.523,-2.317,991.38,-139.02,,"Sam, Ben",Observation: Still smoky,,,,,,,,,,,,,,,,
Control,5,T3B,flooded,6/7/23,14:15,EDT,13.276,-3.59,796.56,-215.4,,"Sam, Ben",Observation: Still smoky,,,,,,,,,,,,,,,,
Control,6,T3B,flooded,6/7/23,14:11,EDT,7.636,-2.083,458.16,-124.98,,"Sam, Ben",Observation: Still smoky,,,,,,,,,,,,,,,,
Control,7,T3B,flooded,6/7/23,14:08,EDT,14.632,-5.32,877.92,-319.2,,"Sam, Ben",Observation: Still smoky,,,,,,,,,,,,,,,,
Control,8,T3B,flooded,6/7/23,14:04,EDT,14.813,-6.336,888.78,-380.16,,"Sam, Ben",Observation: Still smoky,,,,,,,,,,,,,,,,
Control,9,T3B,flooded,6/7/23,15:28,EDT,7.455,-0.99,447.3,-59.4,"Robot interference, took again","Sam, Ben",Observation: Still smoky,,,,,,,,,,,,,,,,
Control,10,T3B,flooded,6/7/23,15:31,EDT,9.251,-1.515,555.06,-90.9,,"Sam, Ben",Observation: Still smoky,,,,,,,,,,,,,,,,
Control,11,T3B,flooded,6/7/23,15:19,EDT,5.594,-0.156,335.64,-9.36,,"Sam, Ben",Observation: Still smoky,,,,,,,,,,,,,,,,
Control,12,T3B,flooded,6/7/23,15:25,EDT,8.523,-0.36,511.38,-21.6,,"Sam, Ben",Observation: Still smoky,,,,,,,,,,,,,,,,
Control,13,T3B,flooded,6/7/23,15:11,EDT,10.976,-1.552,658.56,-93.12,,"Sam, Ben",Observation: Still smoky,,,,,,,,,,,,,,,,
Control,14,T3B,flooded,6/7/23,15:15,EDT,11.334,-3.759,680.04,-225.54,,"Sam, Ben",Observation: Still smoky,,,,,,,,,,,,,,,,
Control,15,T3B,flooded,6/7/23,15:07,EDT,11.931,-1.002,715.86,-60.12,,"Sam, Ben",Observation: Still smoky,,,,,,,,,,,,,,,,
Control,16,T3B,flooded,6/7/23,15:03,EDT,14.412,-0.616,864.72,-36.96,,"Sam, Ben",Observation: Still smoky,,,,,,,,,,,,,,,,
Estuarine,17,T3B,flooded,6/7/23,14:33,EDT,2.987,0.05,179.22,3,,"Sam, Ben",Observation: Still smoky,,,,,,,,,,,,,,,,
Estuarine,18,T3B,flooded,6/7/23,14:36,EDT,3.61,0.457,216.6,27.42,,"Sam, Ben",Observation: Still smoky,,,,,,,,,,,,,,,,
Estuarine,19,T3B,flooded,6/7/23,14:40,EDT,0.984,0.03,59.04,1.8,,"Sam, Ben",Observation: Still smoky,,,,,,,,,,,,,,,,
Estuarine,20,T3B,flooded,6/7/23,14:43,EDT,0.973,0.432,58.38,25.92,,"Sam, Ben",Observation: Still smoky,,,,,,,,,,,,,,,,
Estuarine,21,T3B,flooded,6/7/23,14:58,EDT,3.555,0.114,213.3,6.84,,"Sam, Ben",Observation: Still smoky,,,,,,,,,,,,,,,,
Estuarine,22,T3B,flooded,6/7/23,14:51,EDT,1.14,0.011,68.4,0.66,,"Sam, Ben",Observation: Still smoky,,,,,,,,,,,,,,,,
Estuarine,23,T3B,flooded,6/7/23,14:47,EDT,4.491,NA,269.46,NA,ok,"Sam, Ben",Observation: Still smoky,,,,,,,,,,,,,,,,
Estuarine,24,T3B,flooded,6/7/23,14:54,EDT,3.145,0.723,188.7,43.38,,"Sam, Ben",Observation: Still smoky,,,,,,,,,,,,,,,,
Estuarine,25,T3B,flooded,6/7/23,13:52,EDT,1.367,-0.004,82.02,-0.24,,"Sam, Ben",Observation: Still smoky,,,,,,,,,,,,,,,,
Estuarine,26,T3B,flooded,6/7/23,13:58,EDT,4.882,0.486,292.92,29.16,,"Sam, Ben",Observation: Still smoky,,,,,,,,,,,,,,,,
Estuarine,27,T3B,flooded,6/7/23,13:48,EDT,3.844,1.504,230.64,90.24,,"Sam, Ben",Observation: Still smoky,,,,,,,,,,,,,,,,
Estuarine,28,T3B,flooded,6/7/23,13:55,EDT,1.598,-0.365,95.88,-21.9,,"Sam, Ben",Observation: Still smoky,,,,,,,,,,,,,,,,
Estuarine,29,T3B,flooded,6/7/23,13:41,EDT,1.087,0.394,65.22,23.64,,"Sam, Ben",Observation: Still smoky,,,,,,,,,,,,,,,,
Estuarine,30,T3B,flooded,6/7/23,13:35,EDT,1.402,-0.6,84.12,-36,"wrote 2nd run, first run produced no measurement","Sam, Ben",Observation: Still smoky,,,,,,,,,,,,,,,,
Estuarine,31,T3B,flooded,6/7/23,13:38,EDT,2.188,-0.987,131.28,-59.22,,"Sam, Ben",Observation: Still smoky,,,,,,,,,,,,,,,,
Estuarine,32,T3B,flooded,6/7/23,13:45,EDT,3.713,-0.014,222.78,-0.84,,"Sam, Ben",Observation: Still smoky,,,,,,,,,,,,,,,,
Freshwater,33,T3B,flooded,6/7/23,15:44,EDT,1.425,0.016,85.5,0.96,,"Sam, Ben",Observation: Still smoky,,,,,,,,,,,,,,,,
Freshwater,34,T3B,flooded,6/7/23,15:50,EDT,5.268,-0.676,316.08,-40.56,,"Sam, Ben",Observation: Still smoky,,,,,,,,,,,,,,,,
Freshwater,35,T3B,flooded,6/7/23,15:48,EDT,6.7,-0.021,402,-1.26,,"Sam, Ben",Observation: Still smoky,,,,,,,,,,,,,,,,
Freshwater,36,T3B,flooded,6/7/23,15:40,EDT,6.138,-1.747,368.28,-104.82,,"Sam, Ben",Observation: Still smoky,,,,,,,,,,,,,,,,
Freshwater,37,T3B,flooded,6/7/23,16:04,EDT,5.1,-1.293,306,-77.58,,"Sam, Ben",Observation: Still smoky,,,,,,,,,,,,,,,,
Freshwater,38,T3B,flooded,6/7/23,15:57,EDT,6.535,0.035,392.1,2.1,,"Sam, Ben",Observation: Still smoky,,,,,,,,,,,,,,,,
Freshwater,39,T3B,flooded,6/7/23,16:00,EDT,2.035,-0.016,122.1,-0.96,,"Sam, Ben",Observation: Still smoky,,,,,,,,,,,,,,,,
Freshwater,40,T3B,flooded,6/7/23,15:54,EDT,7.05,-0.859,423,-51.54,,"Sam, Ben",Observation: Still smoky,,,,,,,,,,,,,,,,
Freshwater,41,T3B,flooded,6/7/23,16:18,EDT,2.53,0.016,151.8,0.96,,"Sam, Ben",Observation: Still smoky,,,,,,,,,,,,,,,,
Freshwater,42,T3B,flooded,6/7/23,16:11,EDT,1.938,-0.034,116.28,-2.04,,"Sam, Ben",Observation: Still smoky,,,,,,,,,,,,,,,,
Freshwater,43,T3B,flooded,6/7/23,16:08,EDT,2.563,-0.01,153.78,-0.6,,"Sam, Ben",Observation: Still smoky,,,,,,,,,,,,,,,,
Freshwater,44,T3B,flooded,6/7/23,16:14,EDT,1.007,-0.014,60.42,-0.84,,"Sam, Ben",Observation: Still smoky,,,,,,,,,,,,,,,,
Freshwater,45,T3B,flooded,6/7/23,16:21,EDT,7.116,-2.779,426.96,-166.74,,"Sam, Ben",Observation: Still smoky,,,,,,,,,,,,,,,,
Freshwater,46,T3B,flooded,6/7/23,16:24,EDT,6.403,-0.759,384.18,-45.54,,"Sam, Ben",Observation: Still smoky,,,,,,,,,,,,,,,,
Freshwater,47,T3B,flooded,6/7/23,16:30,EDT,5.14,-0.086,308.4,-5.16,,"Sam, Ben",Observation: Still smoky,,,,,,,,,,,,,,,,
Freshwater,48,T3B,flooded,6/7/23,16:27,EDT,6.615,-0.124,396.9,-7.44,,"Sam, Ben",Observation: Still smoky,,,,,,,,,,,,,,,,
Control,1,T4,post-flood,6/8/23,15:35,EDT,12.46,-2.56,747.6,-153.6,,"Sam, Ben",,,,,,,,,,,,,,,,,
Control,2,T4,post-flood,6/8/23,15:31,EDT,12.121,-3.695,727.26,-221.7,,"Sam, Ben",,,,,,,,,,,,,,,,,
Control,3,T4,post-flood,6/8/23,14:34,EDT,25.853,-6.997,1551.18,-419.82,"battery died on IRbank, took another measurement (15:30)","Sam, Ben",,,,,,,,,,,,,,,,,
Control,4,T4,post-flood,6/8/23,14:28,EDT,12.777,-2.457,766.62,-147.42,,"Sam, Ben",,,,,,,,,,,,,,,,,
Control,5,T4,post-flood,6/8/23,14:24,EDT,10.358,-4.961,621.48,-297.66,,"Sam, Ben",,,,,,,,,,,,,,,,,
Control,6,T4,post-flood,6/8/23,14:21,EDT,9.919,-5.2,595.14,-312,,"Sam, Ben",,,,,,,,,,,,,,,,,
Control,7,T4,post-flood,6/8/23,14:18,EDT,7.038,-1.657,422.28,-99.42,,"Sam, Ben",,,,,,,,,,,,,,,,,
Control,8,T4,post-flood,6/8/23,14:15,EDT,6.416,-2.951,384.96,-177.06,,"Sam, Ben",,,,,,,,,,,,,,,,,
Control,9,T4,post-flood,6/8/23,13:03,EDT,13.383,-1.312,802.98,-78.72,,"Sam, Ben",,,,,,,,,,,,,,,,,
Control,10,T4,post-flood,6/8/23,12:56,EDT,9.168,-0.503,550.08,-30.18,,"Sam, Ben",,,,,,,,,,,,,,,,,
Control,11,T4,post-flood,6/8/23,13:07,EDT,4.864,-0.104,291.84,-6.24,,"Sam, Ben",,,,,,,,,,,,,,,,,
Control,12,T4,post-flood,6/8/23,13:00,EDT,10.305,-0.629,618.3,-37.74,,"Sam, Ben",,,,,,,,,,,,,,,,,
Control,13,T4,post-flood,6/8/23,12:42,EDT,10.613,-3.041,636.78,-182.46,,"Sam, Ben",,,,,,,,,,,,,,,,,
Control,14,T4,post-flood,6/8/23,12:47,EDT,14.396,-2.686,863.76,-161.16,,"Sam, Ben",,,,,,,,,,,,,,,,,
Control,15,T4,post-flood,6/8/23,12:51,EDT,4.533,-0.762,271.98,-45.72,,"Sam, Ben",,,,,,,,,,,,,,,,,
Control,16,T4,post-flood,6/8/23,13:12,EDT,6.507,-0.417,390.42,-25.02,,"Sam, Ben",,,,,,,,,,,,,,,,,
Estuarine,17,T4,post-flood,6/8/23,14:09,EDT,17.003,-0.226,1020.18,-13.56,,"Sam, Ben",,,,,,,,,,,,,,,,,
Estuarine,18,T4,post-flood,6/8/23,14:06,EDT,10.524,-0.237,631.44,-14.22,,"Sam, Ben",,,,,,,,,,,,,,,,,
Estuarine,19,T4,post-flood,6/8/23,13:59,EDT,8.259,-0.149,495.54,-8.94,,"Sam, Ben",,,,,,,,,,,,,,,,,
Estuarine,20,T4,post-flood,6/8/23,14:02,EDT,5.213,-0.086,312.78,-5.16,,"Sam, Ben",,,,,,,,,,,,,,,,,
Estuarine,21,T4,post-flood,6/8/23,13:47,EDT,8.881,-0.345,532.86,-20.7,,"Sam, Ben",,,,,,,,,,,,,,,,,
Estuarine,22,T4,post-flood,6/8/23,13:57,EDT,9.093,-0.285,545.58,-17.1,,"Sam, Ben",,,,,,,,,,,,,,,,,
Estuarine,23,T4,post-flood,6/8/23,13:53,EDT,7.875,-0.147,472.5,-8.82,,"Sam, Ben",,,,,,,,,,,,,,,,,
Estuarine,24,T4,post-flood,6/8/23,13:50,EDT,13.726,-0.07,823.56,-4.2,,"Sam, Ben",,,,,,,,,,,,,,,,,
Estuarine,25,T4,post-flood,6/8/23,15:58,EDT,4.843,-0.412,290.58,-24.72,,"Sam, Ben",,,,,,,,,,,,,,,,,
Estuarine,26,T4,post-flood,6/8/23,16:04,EDT,7.155,-0.494,429.3,-29.64,,"Sam, Ben",,,,,,,,,,,,,,,,,
Estuarine,27,T4,post-flood,6/8/23,15:55,EDT,14.111,-0.385,846.66,-23.1,,"Sam, Ben",,,,,,,,,,,,,,,,,
Estuarine,28,T4,post-flood,6/8/23,14:01,EDT,25.258,-0.339,1515.48,-20.34,,"Sam, Ben",,,,,,,,,,,,,,,,,
Estuarine,29,T4,post-flood,6/8/23,15:48,EDT,8.234,0.075,494.04,4.5,,"Sam, Ben",,,,,,,,,,,,,,,,,
Estuarine,30,T4,post-flood,6/8/23,15:51,EDT,6.481,0.051,388.86,3.06,,"Sam, Ben",,,,,,,,,,,,,,,,,
Estuarine,31,T4,post-flood,6/8/23,15:45,EDT,6.335,-0.182,380.1,-10.92,,"Sam, Ben",,,,,,,,,,,,,,,,,
Estuarine,32,T4,post-flood,6/8/23,15:41,EDT,3.734,-0.135,224.04,-8.1,,"Sam, Ben",,,,,,,,,,,,,,,,,
Freshwater,33,T4,post-flood,6/8/23,13:33,EDT,8.622,-0.058,517.32,-3.48,,"Sam, Ben",,,,,,,,,,,,,,,,,
Freshwater,34,T4,post-flood,6/8/23,13:40,EDT,10.425,-0.302,625.5,-18.12,,"Sam, Ben",,,,,,,,,,,,,,,,,
Freshwater,35,T4,post-flood,6/8/23,13:37,EDT,8.088,-0.932,485.28,-55.92,,"Sam, Ben",,,,,,,,,,,,,,,,,
Freshwater,36,T4,post-flood,6/8/23,13:43,EDT,8.702,-0.385,522.12,-23.1,,"Sam, Ben",,,,,,,,,,,,,,,,,
Freshwater,37,T4,post-flood,6/8/23,12:33,EDT,11.387,-0.477,683.22,-28.62,,"Sam, Ben",,,,,,,,,,,,,,,,,
Freshwater,38,T4,post-flood,6/8/23,12:25,EDT,12.622,-0.164,757.32,-9.84,,"Sam, Ben",,,,,,,,,,,,,,,,,
Freshwater,39,T4,post-flood,6/8/23,12:21,EDT,11.195,-0.125,671.7,-7.5,,"Sam, Ben",,,,,,,,,,,,,,,,,
Freshwater,40,T4,post-flood,6/8/23,12:29,EDT,7.712,-0.151,462.72,-9.06,,"Sam, Ben",,,,,,,,,,,,,,,,,
Freshwater,41,T4,post-flood,6/8/23,12:09,EDT,21.054,-0.205,1263.24,-12.3,,"Sam, Ben",,,,,,,,,,,,,,,,,
Freshwater,42,T4,post-flood,6/8/23,12:05,EDT,5.381,-0.31,322.86,-18.6,,"Sam, Ben",,,,,,,,,,,,,,,,,
Freshwater,43,T4,post-flood,6/8/23,12:17,EDT,6.048,-0.068,362.88,-4.08,,"Sam, Ben",,,,,,,,,,,,,,,,,
Freshwater,44,T4,post-flood,6/8/23,12:13,EDT,23.866,-1.72,1431.96,-103.2,,"Sam, Ben",,,,,,,,,,,,,,,,,
Freshwater,45,T4,post-flood,6/8/23,13:30,EDT,6.091,0.114,365.46,6.84,,"Sam, Ben",,,,,,,,,,,,,,,,,
Freshwater,46,T4,post-flood,6/8/23,13:26,EDT,12.671,-1.088,760.26,-65.28,,"Sam, Ben",,,,,,,,,,,,,,,,,
Freshwater,47,T4,post-flood,6/8/23,13:19,EDT,3.699,-0.297,221.94,-17.82,,"Sam, Ben",,,,,,,,,,,,,,,,,
Freshwater,48,T4,post-flood,6/8/23,13:23,EDT,3.269,-0.216,196.14,-12.96,,"Sam, Ben",,,,,,,,,,,,,,,,,
Control,1,T5,post-flood,6/9/23,10:15,EDT,10.931,-2.144,655.86,-128.64,,"Ben, Kam",Observation: Cloudy,,,,,,,,,,,,,,,,
Control,2,T5,post-flood,6/9/23,10:09,EDT,12.947,-4.148,776.82,-248.88,,"Ben, Kam",Observation: Cloudy,,,,,,,,,,,,,,,,
Control,3,T5,post-flood,6/9/23,10:12,EDT,30.097,-7.438,1805.82,-446.28,,"Ben, Kam",Observation: Cloudy,,,,,,,,,,,,,,,,
Control,4,T5,post-flood,6/9/23,10:05,EDT,NA,NA,NA,NA,ok,"Ben, Kam",Observation: Cloudy,,,,,,,,,,,,,,,,
Control,5,T5,post-flood,6/9/23,14:12,EDT,6.289,-2.782,377.34,-166.92,,"Ben, Kam",Observation: Cloudy,,,,,,,,,,,,,,,,
Control,6,T5,post-flood,6/9/23,14:17,EDT,8.497,-2.263,509.82,-135.78,first round zeros,"Ben, Kam",Observation: Cloudy,,,,,,,,,,,,,,,,
Control,7,T5,post-flood,6/9/23,14:23,EDT,7.997,-2.816,479.82,-168.96,,"Ben, Kam",Observation: Cloudy,,,,,,,,,,,,,,,,
Control,8,T5,post-flood,6/9/23,14:15,EDT,6.402,-2.969,384.12,-178.14,first round zeros,"Ben, Kam",Observation: Cloudy,,,,,,,,,,,,,,,,
Control,9,T5,post-flood,6/9/23,10:23,EDT,13.895,-2.523,833.7,-151.38,,"Ben, Kam",Observation: Cloudy,,,,,,,,,,,,,,,,
Control,10,T5,post-flood,6/9/23,10:19,EDT,13.443,-8.023,806.58,-481.38,"robot interfered; did 2x, delete 1st","Ben, Kam",Observation: Cloudy,,,,,,,,,,,,,,,,
Control,11,T5,post-flood,6/9/23,10:31,EDT,5.358,-0.208,321.48,-12.48,,"Ben, Kam",Observation: Cloudy,,,,,,,,,,,,,,,,
Control,12,T5,post-flood,6/9/23,10:22,EDT,3.451,-0.035,207.06,-2.1,,"Ben, Kam",Observation: Cloudy,,,,,,,,,,,,,,,,
Control,13,T5,post-flood,6/9/23,14:07,EDT,11.149,-1.753,668.94,-105.18,,"Ben, Kam",Observation: Cloudy,,,,,,,,,,,,,,,,
Control,14,T5,post-flood,6/9/23,14:03,EDT,12.684,-1.265,761.04,-75.9,,"Ben, Kam",Observation: Cloudy,,,,,,,,,,,,,,,,
Control,15,T5,post-flood,6/9/23,14:00,EDT,6.001,-0.929,360.06,-55.74,first round zeros,"Ben, Kam",Observation: Cloudy,,,,,,,,,,,,,,,,
Control,16,T5,post-flood,6/9/23,13:57,EDT,18.017,-0.632,1081.02,-37.92,,"Ben, Kam",Observation: Cloudy,,,,,,,,,,,,,,,,
Estuarine,17,T5,post-flood,6/9/23,12:19,EDT,7.26,-0.12,435.6,-7.2,,"Ben, Kam",Observation: Cloudy,,,,,,,,,,,,,,,,
Estuarine,18,T5,post-flood,6/9/23,12:16,EDT,4.323,-0.146,259.38,-8.76,,"Ben, Kam",Observation: Cloudy,,,,,,,,,,,,,,,,
Estuarine,19,T5,post-flood,6/9/23,12:12,EDT,7.287,-0.109,437.22,-6.54,,"Ben, Kam",Observation: Cloudy,,,,,,,,,,,,,,,,
Estuarine,20,T5,post-flood,6/9/23,12:09,EDT,3.793,-0.135,227.58,-8.1,,"Ben, Kam",Observation: Cloudy,,,,,,,,,,,,,,,,
Estuarine,21,T5,post-flood,6/9/23,10:36,EDT,4.819,-0.219,289.14,-13.14,,"Ben, Kam",Observation: Cloudy,,,,,,,,,,,,,,,,
Estuarine,22,T5,post-flood,6/9/23,10:43,EDT,4.479,-0.131,268.74,-7.86,,"Ben, Kam",Observation: Cloudy,,,,,,,,,,,,,,,,
Estuarine,23,T5,post-flood,6/9/23,10:46,EDT,5.26,-0.15,315.6,-9,,"Ben, Kam",Observation: Cloudy,,,,,,,,,,,,,,,,
Estuarine,24,T5,post-flood,6/9/23,10:39,EDT,12.424,-0.315,745.44,-18.9,,"Ben, Kam",Observation: Cloudy,,,,,,,,,,,,,,,,
Estuarine,25,T5,post-flood,6/9/23,10:56,EDT,11.997,-0.179,719.82,-10.74,,"Ben, Kam",Observation: Cloudy,,,,,,,,,,,,,,,,
Estuarine,26,T5,post-flood,6/9/23,10:52,EDT,19.367,2.354,1162.02,141.24,,"Ben, Kam",Observation: Cloudy,,,,,,,,,,,,,,,,
Estuarine,27,T5,post-flood,6/9/23,10:59,EDT,6.304,-0.2,378.24,-12,,"Ben, Kam",Observation: Cloudy,,,,,,,,,,,,,,,,
Estuarine,28,T5,post-flood,6/9/23,10:49,EDT,17.957,-1.264,1077.42,-75.84,,"Ben, Kam",Observation: Cloudy,,,,,,,,,,,,,,,,
Estuarine,29,T5,post-flood,6/9/23,12:03,EDT,9.126,-0.155,547.56,-9.3,,"Ben, Kam",Observation: Cloudy,,,,,,,,,,,,,,,,
Estuarine,30,T5,post-flood,6/9/23,12:06,EDT,5.072,-0.365,304.32,-21.9,,"Ben, Kam",Observation: Cloudy,,,,,,,,,,,,,,,,
Estuarine,31,T5,post-flood,6/9/23,11:59,EDT,3.211,-0.117,192.66,-7.02,,"Ben, Kam",Observation: Cloudy,,,,,,,,,,,,,,,,
Estuarine,32,T5,post-flood,6/9/23,11:56,EDT,8.506,-0.214,510.36,-12.84,,"Ben, Kam",Observation: Cloudy,,,,,,,,,,,,,,,,
Freshwater,33,T5,post-flood,6/9/23,11:12,EDT,10.332,-0.187,619.92,-11.22,,Ben,Observation: Cloudy,,,,,,,,,,,,,,,,
Freshwater,34,T5,post-flood,6/9/23,11:08,EDT,9.255,-0.669,555.3,-40.14,,Ben,Observation: Cloudy,,,,,,,,,,,,,,,,
Freshwater,35,T5,post-flood,6/9/23,11:05,EDT,12.524,-0.214,751.44,-12.84,,Ben,Observation: Cloudy,,,,,,,,,,,,,,,,
Freshwater,36,T5,post-flood,6/9/23,11:02,EDT,18.467,-0.628,1108.02,-37.68,,Ben,Observation: Cloudy,,,,,,,,,,,,,,,,
Freshwater,37,T5,post-flood,6/9/23,11:15,EDT,17.812,-11.683,1068.72,-700.98,,Ben,Observation: Cloudy,,,,,,,,,,,,,,,,
Freshwater,38,T5,post-flood,6/9/23,11:21,EDT,24.03,-0.452,1441.8,-27.12,,Ben,Observation: Cloudy,,,,,,,,,,,,,,,,
Freshwater,39,T5,post-flood,6/9/23,11:24,EDT,13.381,-1.127,802.86,-67.62,,Ben,Observation: Cloudy,,,,,,,,,,,,,,,,
Freshwater,40,T5,post-flood,6/9/23,11:18,EDT,13.19,-0.849,791.4,-50.94,,Ben,Observation: Cloudy,,,,,,,,,,,,,,,,
Freshwater,41,T5,post-flood,6/9/23,11:37,EDT,20.225,-0.275,1213.5,-16.5,,Ben,Observation: Cloudy,,,,,,,,,,,,,,,,
Freshwater,42,T5,post-flood,6/9/23,11:31,EDT,6.212,-0.473,372.72,-28.38,,Ben,Observation: Cloudy,,,,,,,,,,,,,,,,
Freshwater,43,T5,post-flood,6/9/23,11:28,EDT,7.373,-0.442,442.38,-26.52,,Ben,Observation: Cloudy,,,,,,,,,,,,,,,,
Freshwater,44,T5,post-flood,6/9/23,11:34,EDT,12.599,-0.579,755.94,-34.74,,Ben,Observation: Cloudy,,,,,,,,,,,,,,,,
Freshwater,45,T5,post-flood,6/9/23,11:41,EDT,28.409,-5.533,1704.54,-331.98,,Ben,Observation: Cloudy,,,,,,,,,,,,,,,,
Freshwater,46,T5,post-flood,6/9/23,11:44,EDT,11.156,-3.134,669.36,-188.04,,Ben,Observation: Cloudy,,,,,,,,,,,,,,,,
Freshwater,47,T5,post-flood,6/9/23,11:49,EDT,3.621,-0.294,217.26,-17.64,,Ben,Observation: Cloudy,,,,,,,,,,,,,,,,
Freshwater,48,T5,post-flood,6/9/23,11:57,EDT,3.587,-0.249,215.22,-14.94,"Did 2x, take below",Ben,Observation: Cloudy,,,,,,,,,,,,,,,,